[183月2026 09:47:52.567] [main/INFO] [cpw.mods.modlauncher.Launcher/MODLAUNCHER]: ModLauncher running: args [--username, zhaodaxia, --version, 1.21.1, --gameDir, C:\Users\hp\.trident\instances\gene_hunter\build, --assetsDir, C:\Users\hp\.trident\cache\assets, --assetIndex, 17, --uuid, 8c2ba9e032a5063588dc756f50971af9, --accessToken, ❄❄❄❄❄❄❄❄, --userType, legacy, --versionType, Polymerium, --fml.neoForgeVersion, 21.1.220, --fml.fmlVersion, 4.0.42, --fml.mcVersion, 1.21.1, --fml.neoFormVersion, 20240808.144430, --launchTarget, forgeclient, --width, 1270, --height, 720, --quickPlayMultiplayer, ]
[183月2026 09:47:52.572] [main/INFO] [cpw.mods.modlauncher.Launcher/MODLAUNCHER]: JVM identified as Azul Systems, Inc. OpenJDK 64-Bit Server VM 21.0.8+9-LTS
[183月2026 09:47:52.574] [main/INFO] [cpw.mods.modlauncher.Launcher/MODLAUNCHER]: ModLauncher 11.0.5+main.901c6ea8 starting: java version 21.0.8 by Azul Systems, Inc.; OS Windows 11 arch amd64 version 10.0
[183月2026 09:47:52.592] [main/DEBUG] [cpw.mods.modlauncher.LaunchServiceHandler/MODLAUNCHER]: Found launch services [minecraft,forgeclient,forgedatauserdev,testharness,forgeserverdev,forgeserveruserdev,forgejunitdev,forgeclientdev,forgeclientuserdev,forgeserver,forgejunituserdev,forgedatadev]
[183月2026 09:47:52.613] [main/DEBUG] [cpw.mods.modlauncher.LaunchPluginHandler/MODLAUNCHER]: Found launch plugins: [mixin,slf4jfixer,runtime_enum_extender,accesstransformer,runtimedistcleaner]
[183月2026 09:47:52.622] [main/DEBUG] [cpw.mods.modlauncher.TransformationServicesHandler/MODLAUNCHER]: Discovering transformation services
[183月2026 09:47:52.622] [main/DEBUG] [net.neoforged.fml.loading.FMLPaths/CORE]: Path GAMEDIR is C:\Users\hp\.trident\instances\gene_hunter\build
[183月2026 09:47:52.622] [main/DEBUG] [net.neoforged.fml.loading.FMLPaths/CORE]: Path MODSDIR is C:\Users\hp\.trident\instances\gene_hunter\build\mods
[183月2026 09:47:52.622] [main/DEBUG] [net.neoforged.fml.loading.FMLPaths/CORE]: Path CONFIGDIR is C:\Users\hp\.trident\instances\gene_hunter\build\config
[183月2026 09:47:52.622] [main/DEBUG] [net.neoforged.fml.loading.FMLPaths/CORE]: Path FMLCONFIG is C:\Users\hp\.trident\instances\gene_hunter\build\config\fml.toml
[183月2026 09:47:52.652] [main/TRACE] [net.neoforged.fml.loading.FMLConfig/CORE]: Loaded FML config from C:\Users\hp\.trident\instances\gene_hunter\build\config\fml.toml
[183月2026 09:47:52.655] [main/TRACE] [net.neoforged.fml.loading.FMLConfig/CORE]: FMLConfig disableConfigWatcher is false
[183月2026 09:47:52.655] [main/TRACE] [net.neoforged.fml.loading.FMLConfig/CORE]: FMLConfig earlyWindowControl is true
[183月2026 09:47:52.655] [main/TRACE] [net.neoforged.fml.loading.FMLConfig/CORE]: FMLConfig maxThreads is 14
[183月2026 09:47:52.655] [main/TRACE] [net.neoforged.fml.loading.FMLConfig/CORE]: FMLConfig versionCheck is true
[183月2026 09:47:52.655] [main/TRACE] [net.neoforged.fml.loading.FMLConfig/CORE]: FMLConfig defaultConfigPath is defaultconfigs
[183月2026 09:47:52.655] [main/TRACE] [net.neoforged.fml.loading.FMLConfig/CORE]: FMLConfig disableOptimizedDFU is true
[183月2026 09:47:52.655] [main/TRACE] [net.neoforged.fml.loading.FMLConfig/CORE]: FMLConfig earlyWindowProvider is fmlearlywindow
[183月2026 09:47:52.655] [main/TRACE] [net.neoforged.fml.loading.FMLConfig/CORE]: FMLConfig earlyWindowWidth is 854
[183月2026 09:47:52.655] [main/TRACE] [net.neoforged.fml.loading.FMLConfig/CORE]: FMLConfig earlyWindowHeight is 480
[183月2026 09:47:52.655] [main/TRACE] [net.neoforged.fml.loading.FMLConfig/CORE]: FMLConfig earlyWindowFBScale is 1
[183月2026 09:47:52.655] [main/TRACE] [net.neoforged.fml.loading.FMLConfig/CORE]: FMLConfig earlyWindowMaximized is false
[183月2026 09:47:52.655] [main/TRACE] [net.neoforged.fml.loading.FMLConfig/CORE]: FMLConfig earlyWindowSkipGLVersions is []
[183月2026 09:47:52.655] [main/TRACE] [net.neoforged.fml.loading.FMLConfig/CORE]: FMLConfig earlyWindowSquir is false
[183月2026 09:47:52.662] [main/DEBUG] [cpw.mods.modlauncher.TransformationServicesHandler/MODLAUNCHER]: Found additional transformation services from discovery services: 
[183月2026 09:47:52.672] [main/INFO] [net.neoforged.fml.loading.ImmediateWindowHandler/]: Loading ImmediateWindowProvider fmlearlywindow
[183月2026 09:47:52.966] [main/INFO] [EARLYDISPLAY/]: Trying GL version 4.6
[183月2026 09:47:53.162] [main/INFO] [EARLYDISPLAY/]: Requested GL version 4.6 got version 4.6
[183月2026 09:47:53.432] [main/DEBUG] [cpw.mods.modlauncher.TransformationServicesHandler/MODLAUNCHER]: Found transformer services : [mixin,fml]
[183月2026 09:47:53.432] [main/DEBUG] [cpw.mods.modlauncher.TransformationServicesHandler/MODLAUNCHER]: Transformation services loading
[183月2026 09:47:53.432] [main/DEBUG] [cpw.mods.modlauncher.TransformationServiceDecorator/MODLAUNCHER]: Loading service mixin
[183月2026 09:47:53.432] [main/DEBUG] [cpw.mods.modlauncher.TransformationServiceDecorator/MODLAUNCHER]: Loaded service mixin
[183月2026 09:47:53.432] [main/DEBUG] [cpw.mods.modlauncher.TransformationServiceDecorator/MODLAUNCHER]: Loading service fml
[183月2026 09:47:53.435] [main/DEBUG] [net.neoforged.fml.loading.FMLLoader/CORE]: FML 4.0.42 loading
[183月2026 09:47:53.435] [main/DEBUG] [net.neoforged.fml.loading.FMLLoader/CORE]: FML found ModLauncher version : 11.0.5+main.901c6ea8
[183月2026 09:47:53.435] [main/DEBUG] [net.neoforged.fml.loading.FMLLoader/CORE]: FML found AccessTransformer version : 10.0.1+139da711
[183月2026 09:47:53.435] [main/DEBUG] [net.neoforged.fml.loading.FMLLoader/CORE]: FML found EventBus version : null
[183月2026 09:47:53.435] [main/DEBUG] [net.neoforged.fml.loading.FMLLoader/CORE]: Found Runtime Dist Cleaner
[183月2026 09:47:53.435] [main/DEBUG] [cpw.mods.modlauncher.TransformationServiceDecorator/MODLAUNCHER]: Loaded service fml
[183月2026 09:47:53.435] [main/DEBUG] [cpw.mods.modlauncher.TransformationServicesHandler/MODLAUNCHER]: Configuring option handling for services
[183月2026 09:47:53.447] [main/DEBUG] [net.neoforged.fml.loading.FMLServiceProvider/CORE]: Received command line version data  : VersionInfo[neoForgeVersion=21.1.220, fmlVersion=4.0.42, mcVersion=1.21.1, neoFormVersion=20240808.144430]
[183月2026 09:47:53.447] [main/DEBUG] [cpw.mods.modlauncher.TransformationServicesHandler/MODLAUNCHER]: Transformation services initializing
[183月2026 09:47:53.447] [main/DEBUG] [cpw.mods.modlauncher.TransformationServiceDecorator/MODLAUNCHER]: Initializing transformation service mixin
[183月2026 09:47:53.457] [main/DEBUG] [mixin/]: MixinService [ModLauncher] was successfully booted in cpw.mods.cl.ModuleClassLoader@523ade68
[183月2026 09:47:53.462] [main/INFO] [mixin/]: SpongePowered MIXIN Subsystem Version=0.8.7 Source=union:/C:/Users/hp/.trident/cache/libraries/net/fabricmc/sponge-mixin/0.15.2+mixin.0.8.7/sponge-mixin-0.15.2+mixin.0.8.7.jar%23159!/ Service=ModLauncher Env=CLIENT
[183月2026 09:47:53.466] [main/DEBUG] [mixin/]: Initialising Mixin Platform Manager
[183月2026 09:47:53.466] [main/DEBUG] [mixin/]: Adding mixin platform agents for container ModLauncher Root Container(ModLauncher:4f56a0a2)
[183月2026 09:47:53.466] [main/DEBUG] [mixin/]: Instancing new MixinPlatformAgentMinecraftForge for ModLauncher Root Container(ModLauncher:4f56a0a2)
[183月2026 09:47:53.466] [main/DEBUG] [mixin/]: MixinPlatformAgentMinecraftForge rejected container ModLauncher Root Container(ModLauncher:4f56a0a2)
[183月2026 09:47:53.466] [main/DEBUG] [mixin/]: Instancing new MixinPlatformAgentDefault for ModLauncher Root Container(ModLauncher:4f56a0a2)
[183月2026 09:47:53.466] [main/DEBUG] [mixin/]: MixinPlatformAgentDefault accepted container ModLauncher Root Container(ModLauncher:4f56a0a2)
[183月2026 09:47:53.466] [main/DEBUG] [cpw.mods.modlauncher.TransformationServiceDecorator/MODLAUNCHER]: Initialized transformation service mixin
[183月2026 09:47:53.466] [main/DEBUG] [cpw.mods.modlauncher.TransformationServiceDecorator/MODLAUNCHER]: Initializing transformation service fml
[183月2026 09:47:53.466] [main/DEBUG] [net.neoforged.fml.loading.FMLServiceProvider/CORE]: Setting up basic FML game directories
[183月2026 09:47:53.466] [main/DEBUG] [net.neoforged.fml.loading.FMLPaths/CORE]: Path GAMEDIR is C:\Users\hp\.trident\instances\gene_hunter\build
[183月2026 09:47:53.466] [main/DEBUG] [net.neoforged.fml.loading.FMLPaths/CORE]: Path MODSDIR is C:\Users\hp\.trident\instances\gene_hunter\build\mods
[183月2026 09:47:53.466] [main/DEBUG] [net.neoforged.fml.loading.FMLPaths/CORE]: Path CONFIGDIR is C:\Users\hp\.trident\instances\gene_hunter\build\config
[183月2026 09:47:53.466] [main/DEBUG] [net.neoforged.fml.loading.FMLPaths/CORE]: Path FMLCONFIG is C:\Users\hp\.trident\instances\gene_hunter\build\config\fml.toml
[183月2026 09:47:53.466] [main/DEBUG] [net.neoforged.fml.loading.FMLServiceProvider/CORE]: Loading configuration
[183月2026 09:47:53.492] [main/TRACE] [net.neoforged.fml.loading.FMLConfig/CORE]: Loaded FML config from C:\Users\hp\.trident\instances\gene_hunter\build\config\fml.toml
[183月2026 09:47:53.492] [main/TRACE] [net.neoforged.fml.loading.FMLConfig/CORE]: FMLConfig disableConfigWatcher is false
[183月2026 09:47:53.492] [main/TRACE] [net.neoforged.fml.loading.FMLConfig/CORE]: FMLConfig earlyWindowControl is true
[183月2026 09:47:53.492] [main/TRACE] [net.neoforged.fml.loading.FMLConfig/CORE]: FMLConfig maxThreads is 14
[183月2026 09:47:53.492] [main/TRACE] [net.neoforged.fml.loading.FMLConfig/CORE]: FMLConfig versionCheck is true
[183月2026 09:47:53.492] [main/TRACE] [net.neoforged.fml.loading.FMLConfig/CORE]: FMLConfig defaultConfigPath is defaultconfigs
[183月2026 09:47:53.492] [main/TRACE] [net.neoforged.fml.loading.FMLConfig/CORE]: FMLConfig disableOptimizedDFU is true
[183月2026 09:47:53.492] [main/TRACE] [net.neoforged.fml.loading.FMLConfig/CORE]: FMLConfig earlyWindowProvider is fmlearlywindow
[183月2026 09:47:53.492] [main/TRACE] [net.neoforged.fml.loading.FMLConfig/CORE]: FMLConfig earlyWindowWidth is 1270
[183月2026 09:47:53.492] [main/TRACE] [net.neoforged.fml.loading.FMLConfig/CORE]: FMLConfig earlyWindowHeight is 720
[183月2026 09:47:53.492] [main/TRACE] [net.neoforged.fml.loading.FMLConfig/CORE]: FMLConfig earlyWindowFBScale is 1
[183月2026 09:47:53.492] [main/TRACE] [net.neoforged.fml.loading.FMLConfig/CORE]: FMLConfig earlyWindowMaximized is false
[183月2026 09:47:53.492] [main/TRACE] [net.neoforged.fml.loading.FMLConfig/CORE]: FMLConfig earlyWindowSkipGLVersions is []
[183月2026 09:47:53.492] [main/TRACE] [net.neoforged.fml.loading.FMLConfig/CORE]: FMLConfig earlyWindowSquir is false
[183月2026 09:47:53.497] [main/DEBUG] [net.neoforged.fml.loading.LaunchContext/SCAN]: Located paths when launch context was created: [C:\Users\hp\.trident\cache\libraries\com\google\code\findbugs\jsr305\3.0.2\jsr305-3.0.2.jar, C:\Users\hp\.trident\cache\libraries\org\jline\jline-terminal\3.20.0\jline-terminal-3.20.0.jar, C:\Users\hp\.trident\cache\libraries\org\lwjgl\lwjgl-natives-windows-x86\3.3.3\lwjgl-natives-windows-x86-3.3.3.jar, C:\Users\hp\.trident\cache\libraries\org\lwjgl\lwjgl-jemalloc\3.3.3\lwjgl-jemalloc-3.3.3.jar, C:\Users\hp\.trident\cache\libraries\org\codehaus\plexus\plexus-utils\3.3.0\plexus-utils-3.3.0.jar, C:\Users\hp\.trident\cache\libraries\org\lwjgl\lwjgl-openal\3.3.3\lwjgl-openal-3.3.3.jar, C:\Users\hp\.trident\cache\libraries\it\unimi\dsi\fastutil\8.5.12\fastutil-8.5.12.jar, C:\Users\hp\.trident\cache\libraries\com\mojang\authlib\6.0.54\authlib-6.0.54.jar, C:\Users\hp\.trident\cache\libraries\com\mojang\text2speech\1.17.9\text2speech-1.17.9.jar, C:\Users\hp\.trident\cache\libraries\com\google\code\gson\gson\2.10.1\gson-2.10.1.jar, C:\Users\hp\.trident\cache\libraries\org\jcraft\jorbis\0.0.17\jorbis-0.0.17.jar, C:\Users\hp\.trident\cache\libraries\com\mojang\blocklist\1.0.10\blocklist-1.0.10.jar, C:\Users\hp\.trident\cache\libraries\com\electronwill\night-config\toml\3.8.3\toml-3.8.3.jar, C:\Users\hp\.trident\cache\libraries\org\apache\httpcomponents\httpclient\4.5.13\httpclient-4.5.13.jar, C:\Users\hp\.trident\cache\libraries\org\lwjgl\lwjgl-glfw\3.3.3\lwjgl-glfw-3.3.3.jar, C:\Users\hp\.trident\cache\libraries\com\google\guava\failureaccess\1.0.1\failureaccess-1.0.1.jar, C:\Users\hp\.trident\cache\libraries\org\lwjgl\lwjgl-glfw-natives-windows-x86\3.3.3\lwjgl-glfw-natives-windows-x86-3.3.3.jar, C:\Users\hp\.trident\cache\libraries\org\jline\jline-reader\3.20.0\jline-reader-3.20.0.jar, C:\Users\hp\.trident\cache\libraries\com\mojang\logging\1.2.7\logging-1.2.7.jar, C:\Users\hp\.trident\cache\libraries\org\apache\logging\log4j\log4j-api\2.22.1\log4j-api-2.22.1.jar, C:\Users\hp\.trident\cache\libraries\org\lwjgl\lwjgl-stb\3.3.3\lwjgl-stb-3.3.3.jar, C:\Users\hp\.trident\cache\libraries\io\netty\netty-common\4.1.97.Final\netty-common-4.1.97.Final.jar, C:\Users\hp\.trident\cache\libraries\net\neoforged\JarJarSelector\0.4.1\JarJarSelector-0.4.1.jar, C:\Users\hp\.trident\cache\libraries\cpw\mods\modlauncher\11.0.5\modlauncher-11.0.5.jar, C:\Users\hp\.trident\cache\libraries\net\neoforged\accesstransformers\10.0.1\accesstransformers-10.0.1.jar, C:\Users\hp\.trident\cache\libraries\com\mojang\patchy\2.2.10\patchy-2.2.10.jar, C:\Users\hp\.trident\cache\libraries\org\slf4j\slf4j-api\2.0.9\slf4j-api-2.0.9.jar, C:\Users\hp\.trident\cache\libraries\net\minecraftforge\srgutils\0.4.15\srgutils-0.4.15.jar, C:\Users\hp\.trident\cache\libraries\com\google\guava\guava\32.1.2-jre\guava-32.1.2-jre.jar, C:\Users\hp\.trident\cache\libraries\io\netty\netty-handler\4.1.97.Final\netty-handler-4.1.97.Final.jar, C:\Users\hp\.trident\cache\libraries\org\lwjgl\lwjgl-opengl\3.3.3\lwjgl-opengl-3.3.3.jar, C:\Users\hp\.trident\cache\libraries\com\mojang\datafixerupper\8.0.16\datafixerupper-8.0.16.jar, C:\Users\hp\.trident\cache\libraries\org\antlr\antlr4-runtime\4.13.1\antlr4-runtime-4.13.1.jar, C:\Users\hp\.trident\cache\libraries\org\apache\commons\commons-compress\1.26.0\commons-compress-1.26.0.jar, C:\Users\hp\.trident\cache\libraries\org\lwjgl\lwjgl-opengl-natives-windows-x86\3.3.3\lwjgl-opengl-natives-windows-x86-3.3.3.jar, C:\Users\hp\.trident\cache\libraries\org\lz4\lz4-java\1.8.0\lz4-java-1.8.0.jar, C:\Users\hp\.trident\cache\libraries\com\google\j2objc\j2objc-annotations\2.8\j2objc-annotations-2.8.jar, C:\Users\hp\.trident\cache\libraries\io\netty\netty-buffer\4.1.97.Final\netty-buffer-4.1.97.Final.jar, C:\Users\hp\.trident\cache\libraries\org\lwjgl\lwjgl-jemalloc-natives-windows-x86\3.3.3\lwjgl-jemalloc-natives-windows-x86-3.3.3.jar, C:\Users\hp\.trident\cache\libraries\com\github\oshi\oshi-core\6.4.10\oshi-core-6.4.10.jar, C:\Users\hp\.trident\cache\libraries\org\lwjgl\lwjgl-openal-natives-windows-x86\3.3.3\lwjgl-openal-natives-windows-x86-3.3.3.jar, C:\Users\hp\.trident\cache\libraries\com\ibm\icu\icu4j\73.2\icu4j-73.2.jar, C:\Users\hp\.trident\cache\libraries\com\google\errorprone\error_prone_annotations\2.18.0\error_prone_annotations-2.18.0.jar, C:\Users\hp\.trident\cache\libraries\org\lwjgl\lwjgl\3.3.3\lwjgl-3.3.3.jar, C:\Users\hp\.trident\cache\libraries\org\checkerframework\checker-qual\3.33.0\checker-qual-3.33.0.jar, C:\Users\hp\.trident\cache\libraries\io\netty\netty-transport-classes-epoll\4.1.97.Final\netty-transport-classes-epoll-4.1.97.Final.jar, C:\Users\hp\.trident\cache\libraries\commons-io\commons-io\2.15.1\commons-io-2.15.1.jar, C:\Users\hp\.trident\cache\libraries\com\google\guava\listenablefuture\9999.0-empty-to-avoid-conflict-with-guava\listenablefuture-9999.0-empty-to-avoid-conflict-with-guava.jar, C:\Users\hp\.trident\cache\libraries\net\neoforged\mergetool\2.0.0\mergetool-2.0.0-api.jar, C:\Users\hp\.trident\cache\libraries\net\fabricmc\sponge-mixin\0.15.2+mixin.0.8.7\sponge-mixin-0.15.2+mixin.0.8.7.jar, C:\Users\hp\.trident\cache\libraries\io\netty\netty-resolver\4.1.97.Final\netty-resolver-4.1.97.Final.jar, C:\Users\hp\.trident\cache\libraries\net\sf\jopt-simple\jopt-simple\5.0.4\jopt-simple-5.0.4.jar, C:\Users\hp\.trident\cache\libraries\com\electronwill\night-config\core\3.8.3\core-3.8.3.jar, C:\Users\hp\.trident\cache\libraries\org\apache\httpcomponents\httpcore\4.4.16\httpcore-4.4.16.jar, C:\Users\hp\.trident\cache\libraries\org\apache\logging\log4j\log4j-slf4j2-impl\2.22.1\log4j-slf4j2-impl-2.22.1.jar, C:\Users\hp\.trident\cache\libraries\org\lwjgl\lwjgl-tinyfd-natives-windows-x86\3.3.3\lwjgl-tinyfd-natives-windows-x86-3.3.3.jar, C:\Users\hp\.trident\cache\libraries\org\lwjgl\lwjgl-stb-natives-windows-x86\3.3.3\lwjgl-stb-natives-windows-x86-3.3.3.jar, C:\Users\hp\.trident\cache\libraries\commons-codec\commons-codec\1.16.0\commons-codec-1.16.0.jar, C:\Users\hp\.trident\cache\libraries\org\lwjgl\lwjgl-freetype-natives-windows-x86\3.3.3\lwjgl-freetype-natives-windows-x86-3.3.3.jar, C:\Users\hp\.trident\cache\libraries\net\java\dev\jna\jna\5.14.0\jna-5.14.0.jar, C:\Users\hp\.trident\cache\libraries\com\machinezoo\noexception\noexception\1.7.1\noexception-1.7.1.jar, C:\Users\hp\.trident\cache\libraries\io\netty\netty-transport\4.1.97.Final\netty-transport-4.1.97.Final.jar, C:\Users\hp\.trident\cache\libraries\io\netty\netty-transport-native-unix-common\4.1.97.Final\netty-transport-native-unix-common-4.1.97.Final.jar, C:\Users\hp\.trident\cache\libraries\net\neoforged\fancymodloader\loader\4.0.42\loader-4.0.42.jar, C:\Users\hp\.trident\cache\libraries\org\apache\logging\log4j\log4j-core\2.22.1\log4j-core-2.22.1.jar, C:\Users\hp\.trident\cache\libraries\org\apache\maven\maven-artifact\3.8.5\maven-artifact-3.8.5.jar, C:\Users\hp\.trident\cache\libraries\net\neoforged\bus\8.0.5\bus-8.0.5.jar, C:\Users\hp\.trident\cache\libraries\io\netty\netty-codec\4.1.97.Final\netty-codec-4.1.97.Final.jar, C:\Users\hp\.trident\cache\libraries\net\minecrell\terminalconsoleappender\1.3.0\terminalconsoleappender-1.3.0.jar, C:\Users\hp\.trident\cache\libraries\org\lwjgl\lwjgl-freetype\3.3.3\lwjgl-freetype-3.3.3.jar, C:\Users\hp\.trident\cache\libraries\org\openjdk\nashorn\nashorn-core\15.4\nashorn-core-15.4.jar, C:\Users\hp\.trident\cache\libraries\org\joml\joml\1.10.5\joml-1.10.5.jar, C:\Users\hp\.trident\cache\libraries\net\jodah\typetools\0.6.3\typetools-0.6.3.jar, C:\Users\hp\.trident\cache\libraries\com\mojang\brigadier\1.3.10\brigadier-1.3.10.jar, C:\Users\hp\.trident\cache\libraries\org\apache\commons\commons-lang3\3.14.0\commons-lang3-3.14.0.jar, C:\Users\hp\.trident\cache\libraries\net\java\dev\jna\jna-platform\5.14.0\jna-platform-5.14.0.jar, C:\Users\hp\.trident\cache\libraries\commons-logging\commons-logging\1.2\commons-logging-1.2.jar, C:\Users\hp\.trident\cache\libraries\net\neoforged\accesstransformers\at-modlauncher\10.0.1\at-modlauncher-10.0.1.jar, C:\Users\hp\.trident\cache\libraries\net\neoforged\fancymodloader\earlydisplay\4.0.42\earlydisplay-4.0.42.jar, C:\Users\hp\.trident\cache\libraries\net\neoforged\JarJarMetadata\0.4.1\JarJarMetadata-0.4.1.jar, C:\Users\hp\.trident\cache\libraries\net\neoforged\coremods\7.0.3\coremods-7.0.3.jar, C:\Users\hp\.trident\cache\libraries\org\lwjgl\lwjgl-tinyfd\3.3.3\lwjgl-tinyfd-3.3.3.jar]
[183月2026 09:47:53.497] [main/DEBUG] [net.neoforged.fml.loading.FMLServiceProvider/CORE]: Preparing launch handler
[183月2026 09:47:53.497] [main/DEBUG] [net.neoforged.fml.loading.FMLLoader/CORE]: Using forgeclient as launch service
[183月2026 09:47:53.497] [main/DEBUG] [net.neoforged.fml.common.asm.RuntimeDistCleaner/DISTXFORM]: Configuring for Dist CLIENT
[183月2026 09:47:53.497] [main/DEBUG] [cpw.mods.modlauncher.TransformationServiceDecorator/MODLAUNCHER]: Initialized transformation service fml
[183月2026 09:47:53.497] [main/DEBUG] [cpw.mods.modlauncher.TransformationServicesHandler/MODLAUNCHER]: Transformation services begin scanning
[183月2026 09:47:53.497] [main/DEBUG] [cpw.mods.modlauncher.TransformationServiceDecorator/MODLAUNCHER]: Beginning scan trigger - transformation service mixin
[183月2026 09:47:53.502] [main/DEBUG] [cpw.mods.modlauncher.TransformationServiceDecorator/MODLAUNCHER]: End scan trigger - transformation service mixin
[183月2026 09:47:53.502] [main/DEBUG] [cpw.mods.modlauncher.TransformationServiceDecorator/MODLAUNCHER]: Beginning scan trigger - transformation service fml
[183月2026 09:47:53.502] [main/DEBUG] [net.neoforged.fml.loading.FMLServiceProvider/CORE]: Initiating mod scan
[183月2026 09:47:53.513] [main/DEBUG] [net.neoforged.fml.util.ServiceLoaderUtil/CORE]: Found 4 implementations of IModFileCandidateLocator:
[183月2026 09:47:53.513] [main/DEBUG] [net.neoforged.fml.util.ServiceLoaderUtil/CORE]: 	    1000 - [built-in] net.neoforged.fml.loading.moddiscovery.locators.ProductionClientProvider from loader-4.0.42.jar
[183月2026 09:47:53.522] [main/DEBUG] [net.neoforged.fml.util.ServiceLoaderUtil/CORE]: 	    1000 - [built-in] net.neoforged.fml.loading.moddiscovery.locators.PathBasedLocator from loader-4.0.42.jar
[183月2026 09:47:53.522] [main/DEBUG] [net.neoforged.fml.util.ServiceLoaderUtil/CORE]: 	       0 - net.neoforged.fml.loading.moddiscovery.locators.ModsFolderLocator from loader-4.0.42.jar
[183月2026 09:47:53.522] [main/DEBUG] [net.neoforged.fml.util.ServiceLoaderUtil/CORE]: 	       0 - net.neoforged.fml.loading.moddiscovery.locators.MavenDirectoryLocator from loader-4.0.42.jar
[183月2026 09:47:53.522] [main/DEBUG] [net.neoforged.fml.util.ServiceLoaderUtil/CORE]: Found 2 implementations of IModFileReader:
[183月2026 09:47:53.522] [main/DEBUG] [net.neoforged.fml.util.ServiceLoaderUtil/CORE]: 	       0 - net.neoforged.fml.loading.moddiscovery.readers.JarModsDotTomlModFileReader from loader-4.0.42.jar
[183月2026 09:47:53.522] [main/DEBUG] [net.neoforged.fml.util.ServiceLoaderUtil/CORE]: 	   -1000 - net.neoforged.fml.loading.moddiscovery.readers.NestedLibraryModReader from loader-4.0.42.jar
[183月2026 09:47:53.522] [main/DEBUG] [net.neoforged.fml.util.ServiceLoaderUtil/CORE]: Found 1 implementations of IDependencyLocator:
[183月2026 09:47:53.522] [main/DEBUG] [net.neoforged.fml.util.ServiceLoaderUtil/CORE]: 	       0 - net.neoforged.fml.loading.moddiscovery.locators.JarInJarDependencyLocator from loader-4.0.42.jar
[183月2026 09:47:53.522] [main/DEBUG] [net.neoforged.fml.loading.moddiscovery.ModDiscoverer/SCAN]: Scanning for mods and other resources to load. We know 4 ways to find mods
[183月2026 09:47:53.522] [main/DEBUG] [net.neoforged.fml.loading.moddiscovery.ModDiscoverer/SCAN]: Trying locator production client provider +net.neoforged:neoforge:21.1.220:client
[183月2026 09:47:53.753] [main/DEBUG] [net.neoforged.fml.loading.moddiscovery.ModFileInfo/LOADING]: Found valid mod file client-1.21.1-20240808.144430-srg.jar with {minecraft} mods - versions {1.21.1}
[183月2026 09:47:53.753] [main/INFO] [net.neoforged.fml.loading.moddiscovery.ModDiscoverer/SCAN]: Found mod file "client-1.21.1-20240808.144430-srg.jar" [locator: production client provider +net.neoforged:neoforge:21.1.220:client]
[183月2026 09:47:53.753] [main/DEBUG] [net.neoforged.fml.loading.moddiscovery.ModDiscoverer/SCAN]: Locator production client provider +net.neoforged:neoforge:21.1.220:client found 1 mods, 0 warnings, 0 errors and skipped 0 candidates
[183月2026 09:47:53.753] [main/DEBUG] [net.neoforged.fml.loading.moddiscovery.ModDiscoverer/SCAN]: Trying locator PathBasedLocator[name=neoforge, paths=[C:\Users\hp\.trident\cache\libraries\net\neoforged\neoforge\21.1.220\neoforge-21.1.220-universal.jar]]
[183月2026 09:47:53.753] [pool-2-thread-1/INFO] [EARLYDISPLAY/]: GL info: NVIDIA GeForce RTX 4060 Laptop GPU/PCIe/SSE2 GL version 4.6.0 NVIDIA 595.71, NVIDIA Corporation
[183月2026 09:47:53.753] [main/DEBUG] [net.neoforged.fml.loading.moddiscovery.readers.JarModsDotTomlModFileReader/SCAN]: Found META-INF/neoforge.mods.toml mod of type null: C:\Users\hp\.trident\cache\libraries\net\neoforged\neoforge\21.1.220\neoforge-21.1.220-universal.jar
[183月2026 09:47:53.753] [main/DEBUG] [net.neoforged.fml.loading.moddiscovery.ModFileParser/LOADING]: Considering mod file candidate C:\Users\hp\.trident\cache\libraries\net\neoforged\neoforge\21.1.220\neoforge-21.1.220-universal.jar
[183月2026 09:47:53.772] [main/DEBUG] [net.neoforged.fml.loading.moddiscovery.ModFileInfo/LOADING]: Found valid mod file neoforge-21.1.220-universal.jar with {neoforge} mods - versions {21.1.220}
[183月2026 09:47:53.772] [main/INFO] [net.neoforged.fml.loading.moddiscovery.ModDiscoverer/SCAN]: Found mod file "neoforge-21.1.220-universal.jar" [locator: PathBasedLocator[name=neoforge, paths=[C:\Users\hp\.trident\cache\libraries\net\neoforged\neoforge\21.1.220\neoforge-21.1.220-universal.jar]], reader: mod manifest]
[183月2026 09:47:53.778] [main/DEBUG] [net.neoforged.fml.loading.moddiscovery.ModDiscoverer/SCAN]: Locator PathBasedLocator[name=neoforge, paths=[C:\Users\hp\.trident\cache\libraries\net\neoforged\neoforge\21.1.220\neoforge-21.1.220-universal.jar]] found 1 mods, 0 warnings, 0 errors and skipped 0 candidates
[183月2026 09:47:53.778] [main/DEBUG] [net.neoforged.fml.loading.moddiscovery.ModDiscoverer/SCAN]: Trying locator {mods folder locator at C:\Users\hp\.trident\instances\gene_hunter\build\mods}
[183月2026 09:47:53.778] [main/DEBUG] [net.neoforged.fml.loading.moddiscovery.locators.ModsFolderLocator/SCAN]: Scanning mods dir C:\Users\hp\.trident\instances\gene_hunter\build\mods for mods
[183月2026 09:47:53.782] [main/DEBUG] [net.neoforged.fml.loading.moddiscovery.readers.JarModsDotTomlModFileReader/SCAN]: Found META-INF/neoforge.mods.toml mod of type null: C:\Users\hp\.trident\instances\gene_hunter\build\mods\jei-1.21.1-neoforge-19.27.0.340.jar
[183月2026 09:47:53.782] [main/DEBUG] [net.neoforged.fml.loading.moddiscovery.ModFileParser/LOADING]: Considering mod file candidate C:\Users\hp\.trident\instances\gene_hunter\build\mods\jei-1.21.1-neoforge-19.27.0.340.jar
[183月2026 09:47:53.789] [main/DEBUG] [net.neoforged.fml.loading.moddiscovery.ModFileInfo/LOADING]: Found valid mod file jei-1.21.1-neoforge-19.27.0.340.jar with {jei} mods - versions {19.27.0.340}
[183月2026 09:47:53.789] [main/INFO] [net.neoforged.fml.loading.moddiscovery.ModDiscoverer/SCAN]: Found mod file "jei-1.21.1-neoforge-19.27.0.340.jar" [locator: {mods folder locator at C:\Users\hp\.trident\instances\gene_hunter\build\mods}, reader: mod manifest]
[183月2026 09:47:53.789] [main/DEBUG] [net.neoforged.fml.loading.moddiscovery.ModDiscoverer/SCAN]: Locator {mods folder locator at C:\Users\hp\.trident\instances\gene_hunter\build\mods} found 1 mods, 0 warnings, 0 errors and skipped 0 candidates
[183月2026 09:47:53.789] [main/DEBUG] [net.neoforged.fml.loading.moddiscovery.ModDiscoverer/SCAN]: Trying locator maven libs
[183月2026 09:47:53.792] [main/DEBUG] [net.neoforged.fml.loading.moddiscovery.ModListHandler/CORE]: Found mod coordinates from lists: []
[183月2026 09:47:53.792] [main/DEBUG] [net.neoforged.fml.loading.moddiscovery.ModDiscoverer/SCAN]: Locator maven libs found 0 mods, 0 warnings, 0 errors and skipped 0 candidates
[183月2026 09:47:53.796] [main/DEBUG] [net.neoforged.fml.loading.moddiscovery.ModDiscoverer/SCAN]: Successfully Loaded 3 mods. Attempting to load dependencies...
[183月2026 09:47:53.796] [main/DEBUG] [net.neoforged.fml.loading.moddiscovery.ModDiscoverer/SCAN]: Trying locator jarinjar
[183月2026 09:47:53.799] [main/TRACE] [net.neoforged.fml.loading.moddiscovery.locators.JarInJarDependencyLocator/]: Failed to load resource META-INF\jarjar\metadata.json from client-1.21.1-20240808.144430-srg.jar, it does not contain dependency information.
[183月2026 09:47:53.800] [main/TRACE] [net.neoforged.fml.loading.moddiscovery.locators.JarInJarDependencyLocator/]: Failed to load resource META-INF\jarjar\metadata.json from jei-1.21.1-neoforge-19.27.0.340.jar, it does not contain dependency information.
[183月2026 09:47:53.866] [main/DEBUG] [net.neoforged.fml.loading.moddiscovery.readers.JarModsDotTomlModFileReader/SCAN]: Found META-INF/MANIFEST.MF mod of type GAMELIBRARY: 
[183月2026 09:47:53.868] [main/DEBUG] [net.neoforged.fml.loading.moddiscovery.readers.JarModsDotTomlModFileReader/SCAN]: Found META-INF/MANIFEST.MF mod of type LIBRARY: 
[183月2026 09:47:53.868] [main/TRACE] [net.neoforged.fml.loading.moddiscovery.locators.JarInJarDependencyLocator/]: Failed to load resource META-INF\jarjar\metadata.json from mixinextras-neoforge-0.5.0.jar, it does not contain dependency information.
[183月2026 09:47:53.869] [main/TRACE] [net.neoforged.fml.loading.moddiscovery.locators.JarInJarDependencyLocator/]: Failed to load resource META-INF\jarjar\metadata.json from net.neoforged.neoforge-coremods-21.1.220.jar, it does not contain dependency information.
[183月2026 09:47:53.889] [main/DEBUG] [net.neoforged.fml.loading.moddiscovery.readers.JarModsDotTomlModFileReader/SCAN]: Found META-INF/MANIFEST.MF mod of type LIBRARY: 
[183月2026 09:47:53.895] [main/DEBUG] [net.neoforged.fml.loading.moddiscovery.readers.JarModsDotTomlModFileReader/SCAN]: Found META-INF/MANIFEST.MF mod of type GAMELIBRARY: 
[183月2026 09:47:53.898] [main/INFO] [net.neoforged.fml.loading.moddiscovery.locators.JarInJarDependencyLocator/]: Found 2 dependencies adding them to mods collection
[183月2026 09:47:53.898] [main/INFO] [net.neoforged.fml.loading.moddiscovery.ModDiscoverer/SCAN]: Found gamelibrary file "mixinextras-neoforge-0.5.0.jar" [parent: neoforge-21.1.220-universal.jar, locator: jarinjar, reader: mod manifest]
[183月2026 09:47:53.898] [main/INFO] [net.neoforged.fml.loading.moddiscovery.ModDiscoverer/SCAN]: Found library file "net.neoforged.neoforge-coremods-21.1.220.jar" [parent: neoforge-21.1.220-universal.jar, locator: jarinjar, reader: mod manifest]
[183月2026 09:47:53.900] [main/INFO] [net.neoforged.fml.loading.moddiscovery.ModDiscoverer/]: 
     Mod List:
		Name Version (Mod Id)

		Just Enough Items 19.27.0.340 (jei)
		Minecraft 1.21.1 (minecraft)
		NeoForge 21.1.220 (neoforge)
[183月2026 09:47:53.901] [main/DEBUG] [net.neoforged.fml.loading.moddiscovery.ModFileInfo/LOADING]: Found valid mod file client-1.21.1-20240808.144430-srg.jar with {minecraft} mods - versions {1.21.1}
[183月2026 09:47:53.902] [main/DEBUG] [net.neoforged.fml.loading.moddiscovery.ModFile/LOADING]: Loading mod file C:\Users\hp\.trident\cache\libraries\net\minecraft\client\1.21.1-20240808.144430\client-1.21.1-20240808.144430-srg.jar with languages [LanguageSpec[languageName=minecraft, acceptedVersions=1]]
[183月2026 09:47:53.903] [main/DEBUG] [net.neoforged.fml.loading.moddiscovery.ModFileParser/LOADING]: Considering mod file candidate C:\Users\hp\.trident\cache\libraries\net\neoforged\neoforge\21.1.220\neoforge-21.1.220-universal.jar
[183月2026 09:47:53.904] [main/DEBUG] [net.neoforged.fml.loading.moddiscovery.ModFileInfo/LOADING]: Found valid mod file neoforge-21.1.220-universal.jar with {neoforge} mods - versions {21.1.220}
[183月2026 09:47:53.904] [main/DEBUG] [net.neoforged.fml.loading.moddiscovery.ModFile/LOADING]: Loading mod file C:\Users\hp\.trident\cache\libraries\net\neoforged\neoforge\21.1.220\neoforge-21.1.220-universal.jar with languages [LanguageSpec[languageName=javafml, acceptedVersions=[3,]]]
[183月2026 09:47:53.905] [main/DEBUG] [net.neoforged.fml.loading.moddiscovery.ModFile/LOADING]: Found mixin config MixinConfig[config=neoforge.mixins.json, requiredMods=[]]
[183月2026 09:47:53.905] [main/DEBUG] [net.neoforged.fml.loading.moddiscovery.ModFileParser/LOADING]: Considering mod file candidate C:\Users\hp\.trident\instances\gene_hunter\build\mods\jei-1.21.1-neoforge-19.27.0.340.jar
[183月2026 09:47:53.919] [main/DEBUG] [net.neoforged.fml.loading.moddiscovery.ModFileInfo/LOADING]: Found valid mod file jei-1.21.1-neoforge-19.27.0.340.jar with {jei} mods - versions {19.27.0.340}
[183月2026 09:47:53.919] [main/DEBUG] [net.neoforged.fml.loading.moddiscovery.ModFile/LOADING]: Loading mod file C:\Users\hp\.trident\instances\gene_hunter\build\mods\jei-1.21.1-neoforge-19.27.0.340.jar with languages [LanguageSpec[languageName=javafml, acceptedVersions=[4,)]]
[183月2026 09:47:53.920] [main/DEBUG] [net.neoforged.fml.loading.moddiscovery.ModFile/LOADING]: Loading mod file  with languages []
[183月2026 09:47:53.920] [main/DEBUG] [net.neoforged.fml.loading.moddiscovery.ModValidator/SCAN]: Found 4 mod files with 3 mods
[183月2026 09:47:53.923] [main/DEBUG] [cpw.mods.modlauncher.TransformationServiceDecorator/MODLAUNCHER]: End scan trigger - transformation service fml
[183月2026 09:47:53.935] [main/DEBUG] [net.neoforged.fml.util.ServiceLoaderUtil/CORE]: Found 3 implementations of IModLanguageLoader:
[183月2026 09:47:53.935] [main/DEBUG] [net.neoforged.fml.util.ServiceLoaderUtil/CORE]: 	net.neoforged.fml.javafmlmod.FMLJavaModLanguageProvider from loader-4.0.42.jar
[183月2026 09:47:53.935] [main/DEBUG] [net.neoforged.fml.util.ServiceLoaderUtil/CORE]: 	net.neoforged.fml.lowcodemod.LowCodeModLanguageProvider from loader-4.0.42.jar
[183月2026 09:47:53.935] [main/DEBUG] [net.neoforged.fml.util.ServiceLoaderUtil/CORE]: 	net.neoforged.fml.mclanguageprovider.MinecraftModLanguageProvider from loader-4.0.42.jar
[183月2026 09:47:53.936] [main/DEBUG] [net.neoforged.fml.loading.LanguageProviderLoader/CORE]: Found language provider javafml, version 4.0.42
[183月2026 09:47:53.936] [main/DEBUG] [net.neoforged.fml.loading.LanguageProviderLoader/CORE]: Found language provider lowcodefml, version 4.0.42
[183月2026 09:47:53.937] [main/DEBUG] [net.neoforged.fml.loading.LanguageProviderLoader/CORE]: Found language provider minecraft, version 4.0.42
[183月2026 09:47:53.940] [main/DEBUG] [net.neoforged.fml.loading.ModSorter/]: Configured system mods: [minecraft, neoforge]
[183月2026 09:47:53.940] [main/DEBUG] [net.neoforged.fml.loading.ModSorter/]: Found system mod: minecraft
[183月2026 09:47:53.940] [main/DEBUG] [net.neoforged.fml.loading.ModSorter/]: Found system mod: neoforge
[183月2026 09:47:53.942] [main/DEBUG] [net.neoforged.fml.loading.ModSorter/LOADING]: Found 2 mod requirements (2 mandatory, 0 optional)
[183月2026 09:47:53.943] [main/DEBUG] [net.neoforged.fml.loading.ModSorter/LOADING]: Found 0 mod requirements missing (0 mandatory, 0 optional)
[183月2026 09:47:53.957] [main/DEBUG] [net.neoforged.fml.loading.FMLLoader/SCAN]: Adding Access Transformer in C:\Users\hp\.trident\cache\libraries\net\neoforged\neoforge\21.1.220\neoforge-21.1.220-universal.jar
[183月2026 09:47:53.961] [main/DEBUG] [AXFORM/AXFORM]: Loading access transformer accesstransformer.cfg
[183月2026 09:47:54.053] [main/DEBUG] [AXFORM/AXFORM]: Loaded access transformer accesstransformer.cfg
[183月2026 09:47:54.053] [main/DEBUG] [net.neoforged.fml.loading.FMLLoader/SCAN]: Adding Access Transformer in C:\Users\hp\.trident\instances\gene_hunter\build\mods\jei-1.21.1-neoforge-19.27.0.340.jar
[183月2026 09:47:54.054] [main/DEBUG] [AXFORM/AXFORM]: Loading access transformer accesstransformer.cfg
[183月2026 09:47:54.056] [main/DEBUG] [AXFORM/AXFORM]: Loaded access transformer accesstransformer.cfg
[183月2026 09:47:54.058] [main/DEBUG] [mixin/]: Adding mixin platform agents for container net.neoforged.fml.loading.mixin.FMLMixinContainerHandle@11d0bff5
[183月2026 09:47:54.058] [main/DEBUG] [mixin/]: Instancing new MixinPlatformAgentMinecraftForge for net.neoforged.fml.loading.mixin.FMLMixinContainerHandle@11d0bff5
[183月2026 09:47:54.058] [main/DEBUG] [mixin/]: MixinPlatformAgentMinecraftForge rejected container net.neoforged.fml.loading.mixin.FMLMixinContainerHandle@11d0bff5
[183月2026 09:47:54.058] [main/DEBUG] [mixin/]: Instancing new MixinPlatformAgentDefault for net.neoforged.fml.loading.mixin.FMLMixinContainerHandle@11d0bff5
[183月2026 09:47:54.058] [main/DEBUG] [mixin/]: MixinPlatformAgentDefault accepted container net.neoforged.fml.loading.mixin.FMLMixinContainerHandle@11d0bff5
[183月2026 09:47:54.058] [main/DEBUG] [mixin/]: Instancing new FMLMixinPlatformAgent for net.neoforged.fml.loading.mixin.FMLMixinContainerHandle@11d0bff5
[183月2026 09:47:54.058] [main/DEBUG] [mixin/]: FMLMixinPlatformAgent accepted container net.neoforged.fml.loading.mixin.FMLMixinContainerHandle@11d0bff5
[183月2026 09:47:54.068] [main/DEBUG] [cpw.mods.modlauncher.TransformationServicesHandler/MODLAUNCHER]: Transformation services loading transformers
[183月2026 09:47:54.069] [main/DEBUG] [cpw.mods.modlauncher.TransformationServiceDecorator/MODLAUNCHER]: Initializing transformers for transformation service mixin
[183月2026 09:47:54.070] [main/DEBUG] [cpw.mods.modlauncher.TransformationServiceDecorator/MODLAUNCHER]: Initialized transformers for transformation service mixin
[183月2026 09:47:54.070] [main/DEBUG] [cpw.mods.modlauncher.TransformationServiceDecorator/MODLAUNCHER]: Initializing transformers for transformation service fml
[183月2026 09:47:54.071] [main/DEBUG] [net.neoforged.fml.loading.FMLServiceProvider/LOADING]: Loading coremod transformers
[183月2026 09:47:54.071] [main/DEBUG] [net.neoforged.fml.loading.FMLServiceProvider/CORE]: Not loading coremod script-engine since no mod requested it
[183月2026 09:47:54.071] [main/DEBUG] [net.neoforged.fml.util.ServiceLoaderUtil/CORE]: Found 1 implementations of ICoreMod:
[183月2026 09:47:54.072] [main/DEBUG] [net.neoforged.fml.util.ServiceLoaderUtil/CORE]: 	net.neoforged.neoforge.coremods.NeoForgeCoreMod from neoforge-21.1.220-universal.jar > net.neoforged.neoforge-coremods-21.1.220.jar
[183月2026 09:47:54.078] [main/DEBUG] [net.neoforged.fml.loading.FMLServiceProvider/CORE]: Adding [Target[className=net.minecraft.world.level.biome.Biome, elementName=, elementDescriptor=, targetType=cpw.mods.modlauncher.api.TargetType@7491cdae]] transformer from core-mod net.neoforged.neoforge.coremods.NeoForgeCoreMod@3b72860c in neoforge-21.1.220-universal.jar > net.neoforged.neoforge-coremods-21.1.220.jar
[183月2026 09:47:54.078] [main/DEBUG] [net.neoforged.fml.loading.FMLServiceProvider/CORE]: Adding [Target[className=net.minecraft.world.level.levelgen.structure.Structure, elementName=, elementDescriptor=, targetType=cpw.mods.modlauncher.api.TargetType@7491cdae]] transformer from core-mod net.neoforged.neoforge.coremods.NeoForgeCoreMod@3b72860c in neoforge-21.1.220-universal.jar > net.neoforged.neoforge-coremods-21.1.220.jar
[183月2026 09:47:54.078] [main/DEBUG] [net.neoforged.fml.loading.FMLServiceProvider/CORE]: Adding [Target[className=net.minecraft.world.level.block.FlowerPotBlock, elementName=, elementDescriptor=, targetType=cpw.mods.modlauncher.api.TargetType@7491cdae]] transformer from core-mod net.neoforged.neoforge.coremods.NeoForgeCoreMod@3b72860c in neoforge-21.1.220-universal.jar > net.neoforged.neoforge-coremods-21.1.220.jar
[183月2026 09:47:54.078] [main/DEBUG] [net.neoforged.fml.loading.FMLServiceProvider/CORE]: Adding [Target[className=net/minecraft/world/entity/ai/village/VillageSiege, elementName=, elementDescriptor=, targetType=cpw.mods.modlauncher.api.TargetType@7491cdae], Target[className=net/minecraft/world/level/NaturalSpawner, elementName=, elementDescriptor=, targetType=cpw.mods.modlauncher.api.TargetType@7491cdae], Target[className=net/minecraft/world/entity/monster/ZombieVillager, elementName=, elementDescriptor=, targetType=cpw.mods.modlauncher.api.TargetType@7491cdae], Target[className=net/minecraft/world/entity/npc/Villager, elementName=, elementDescriptor=, targetType=cpw.mods.modlauncher.api.TargetType@7491cdae], Target[className=net/minecraft/world/level/levelgen/PhantomSpawner, elementName=, elementDescriptor=, targetType=cpw.mods.modlauncher.api.TargetType@7491cdae], Target[className=net/minecraft/world/level/levelgen/structure/structures/SwampHutPiece, elementName=, elementDescriptor=, targetType=cpw.mods.modlauncher.api.TargetType@7491cdae], Target[className=net/minecraft/world/entity/animal/frog/Tadpole, elementName=, elementDescriptor=, targetType=cpw.mods.modlauncher.api.TargetType@7491cdae], Target[className=net/minecraft/world/level/levelgen/structure/structures/OceanMonumentPieces$OceanMonumentPiece, elementName=, elementDescriptor=, targetType=cpw.mods.modlauncher.api.TargetType@7491cdae], Target[className=net/minecraft/world/level/levelgen/structure/templatesystem/StructureTemplate, elementName=, elementDescriptor=, targetType=cpw.mods.modlauncher.api.TargetType@7491cdae], Target[className=net/minecraft/world/entity/monster/Spider, elementName=, elementDescriptor=, targetType=cpw.mods.modlauncher.api.TargetType@7491cdae], Target[className=net/minecraft/world/entity/raid/Raid, elementName=, elementDescriptor=, targetType=cpw.mods.modlauncher.api.TargetType@7491cdae], Target[className=net/minecraft/world/level/levelgen/structure/structures/OceanRuinPieces$OceanRuinPiece, elementName=, elementDescriptor=, targetType=cpw.mods.modlauncher.api.TargetType@7491cdae], Target[className=net/minecraft/world/entity/monster/Zombie, elementName=, elementDescriptor=, targetType=cpw.mods.modlauncher.api.TargetType@7491cdae], Target[className=net/minecraft/server/commands/RaidCommand, elementName=, elementDescriptor=, targetType=cpw.mods.modlauncher.api.TargetType@7491cdae], Target[className=net/minecraft/world/level/levelgen/PatrolSpawner, elementName=, elementDescriptor=, targetType=cpw.mods.modlauncher.api.TargetType@7491cdae], Target[className=net/minecraft/server/commands/SummonCommand, elementName=, elementDescriptor=, targetType=cpw.mods.modlauncher.api.TargetType@7491cdae], Target[className=net/minecraft/world/entity/monster/Strider, elementName=, elementDescriptor=, targetType=cpw.mods.modlauncher.api.TargetType@7491cdae], Target[className=net/minecraft/world/level/levelgen/structure/structures/WoodlandMansionPieces$WoodlandMansionPiece, elementName=, elementDescriptor=, targetType=cpw.mods.modlauncher.api.TargetType@7491cdae], Target[className=net/minecraft/world/entity/monster/Evoker$EvokerSummonSpellGoal, elementName=, elementDescriptor=, targetType=cpw.mods.modlauncher.api.TargetType@7491cdae], Target[className=net/minecraft/world/entity/animal/horse/SkeletonTrapGoal, elementName=, elementDescriptor=, targetType=cpw.mods.modlauncher.api.TargetType@7491cdae], Target[className=net/minecraft/world/entity/npc/CatSpawner, elementName=, elementDescriptor=, targetType=cpw.mods.modlauncher.api.TargetType@7491cdae], Target[className=net/minecraft/world/entity/EntityType, elementName=, elementDescriptor=, targetType=cpw.mods.modlauncher.api.TargetType@7491cdae]] transformer from core-mod net.neoforged.neoforge.coremods.NeoForgeCoreMod@3b72860c in neoforge-21.1.220-universal.jar > net.neoforged.neoforge-coremods-21.1.220.jar
[183月2026 09:47:54.081] [main/DEBUG] [cpw.mods.modlauncher.TransformStore/MODLAUNCHER]: Adding transformer net.neoforged.neoforge.coremods.ReplaceFieldWithGetterAccess@1c76b2fe to Target : cpw.mods.modlauncher.api.TargetType@7491cdae {Lnet/minecraft/world/level/biome/Biome;} {} {V}
[183月2026 09:47:54.082] [main/DEBUG] [cpw.mods.modlauncher.TransformStore/MODLAUNCHER]: Adding transformer net.neoforged.neoforge.coremods.ReplaceFieldWithGetterAccess@2aeb3f3b to Target : cpw.mods.modlauncher.api.TargetType@7491cdae {Lnet/minecraft/world/level/levelgen/structure/Structure;} {} {V}
[183月2026 09:47:54.082] [main/DEBUG] [cpw.mods.modlauncher.TransformStore/MODLAUNCHER]: Adding transformer net.neoforged.neoforge.coremods.ReplaceFieldWithGetterAccess@281028ce to Target : cpw.mods.modlauncher.api.TargetType@7491cdae {Lnet/minecraft/world/level/block/FlowerPotBlock;} {} {V}
[183月2026 09:47:54.083] [main/DEBUG] [cpw.mods.modlauncher.TransformStore/MODLAUNCHER]: Adding transformer net.neoforged.neoforge.coremods.MethodRedirector@46ef7340 to Target : cpw.mods.modlauncher.api.TargetType@7491cdae {Lnet/minecraft/world/entity/ai/village/VillageSiege;} {} {V}
[183月2026 09:47:54.083] [main/DEBUG] [cpw.mods.modlauncher.TransformStore/MODLAUNCHER]: Adding transformer net.neoforged.neoforge.coremods.MethodRedirector@46ef7340 to Target : cpw.mods.modlauncher.api.TargetType@7491cdae {Lnet/minecraft/world/level/NaturalSpawner;} {} {V}
[183月2026 09:47:54.083] [main/DEBUG] [cpw.mods.modlauncher.TransformStore/MODLAUNCHER]: Adding transformer net.neoforged.neoforge.coremods.MethodRedirector@46ef7340 to Target : cpw.mods.modlauncher.api.TargetType@7491cdae {Lnet/minecraft/world/entity/monster/ZombieVillager;} {} {V}
[183月2026 09:47:54.083] [main/DEBUG] [cpw.mods.modlauncher.TransformStore/MODLAUNCHER]: Adding transformer net.neoforged.neoforge.coremods.MethodRedirector@46ef7340 to Target : cpw.mods.modlauncher.api.TargetType@7491cdae {Lnet/minecraft/world/entity/npc/Villager;} {} {V}
[183月2026 09:47:54.083] [main/DEBUG] [cpw.mods.modlauncher.TransformStore/MODLAUNCHER]: Adding transformer net.neoforged.neoforge.coremods.MethodRedirector@46ef7340 to Target : cpw.mods.modlauncher.api.TargetType@7491cdae {Lnet/minecraft/world/level/levelgen/PhantomSpawner;} {} {V}
[183月2026 09:47:54.083] [main/DEBUG] [cpw.mods.modlauncher.TransformStore/MODLAUNCHER]: Adding transformer net.neoforged.neoforge.coremods.MethodRedirector@46ef7340 to Target : cpw.mods.modlauncher.api.TargetType@7491cdae {Lnet/minecraft/world/level/levelgen/structure/structures/SwampHutPiece;} {} {V}
[183月2026 09:47:54.083] [main/DEBUG] [cpw.mods.modlauncher.TransformStore/MODLAUNCHER]: Adding transformer net.neoforged.neoforge.coremods.MethodRedirector@46ef7340 to Target : cpw.mods.modlauncher.api.TargetType@7491cdae {Lnet/minecraft/world/entity/animal/frog/Tadpole;} {} {V}
[183月2026 09:47:54.083] [main/DEBUG] [cpw.mods.modlauncher.TransformStore/MODLAUNCHER]: Adding transformer net.neoforged.neoforge.coremods.MethodRedirector@46ef7340 to Target : cpw.mods.modlauncher.api.TargetType@7491cdae {Lnet/minecraft/world/level/levelgen/structure/structures/OceanMonumentPieces$OceanMonumentPiece;} {} {V}
[183月2026 09:47:54.083] [main/DEBUG] [cpw.mods.modlauncher.TransformStore/MODLAUNCHER]: Adding transformer net.neoforged.neoforge.coremods.MethodRedirector@46ef7340 to Target : cpw.mods.modlauncher.api.TargetType@7491cdae {Lnet/minecraft/world/level/levelgen/structure/templatesystem/StructureTemplate;} {} {V}
[183月2026 09:47:54.083] [main/DEBUG] [cpw.mods.modlauncher.TransformStore/MODLAUNCHER]: Adding transformer net.neoforged.neoforge.coremods.MethodRedirector@46ef7340 to Target : cpw.mods.modlauncher.api.TargetType@7491cdae {Lnet/minecraft/world/entity/monster/Spider;} {} {V}
[183月2026 09:47:54.083] [main/DEBUG] [cpw.mods.modlauncher.TransformStore/MODLAUNCHER]: Adding transformer net.neoforged.neoforge.coremods.MethodRedirector@46ef7340 to Target : cpw.mods.modlauncher.api.TargetType@7491cdae {Lnet/minecraft/world/entity/raid/Raid;} {} {V}
[183月2026 09:47:54.083] [main/DEBUG] [cpw.mods.modlauncher.TransformStore/MODLAUNCHER]: Adding transformer net.neoforged.neoforge.coremods.MethodRedirector@46ef7340 to Target : cpw.mods.modlauncher.api.TargetType@7491cdae {Lnet/minecraft/world/level/levelgen/structure/structures/OceanRuinPieces$OceanRuinPiece;} {} {V}
[183月2026 09:47:54.083] [main/DEBUG] [cpw.mods.modlauncher.TransformStore/MODLAUNCHER]: Adding transformer net.neoforged.neoforge.coremods.MethodRedirector@46ef7340 to Target : cpw.mods.modlauncher.api.TargetType@7491cdae {Lnet/minecraft/world/entity/monster/Zombie;} {} {V}
[183月2026 09:47:54.083] [main/DEBUG] [cpw.mods.modlauncher.TransformStore/MODLAUNCHER]: Adding transformer net.neoforged.neoforge.coremods.MethodRedirector@46ef7340 to Target : cpw.mods.modlauncher.api.TargetType@7491cdae {Lnet/minecraft/server/commands/RaidCommand;} {} {V}
[183月2026 09:47:54.083] [main/DEBUG] [cpw.mods.modlauncher.TransformStore/MODLAUNCHER]: Adding transformer net.neoforged.neoforge.coremods.MethodRedirector@46ef7340 to Target : cpw.mods.modlauncher.api.TargetType@7491cdae {Lnet/minecraft/world/level/levelgen/PatrolSpawner;} {} {V}
[183月2026 09:47:54.083] [main/DEBUG] [cpw.mods.modlauncher.TransformStore/MODLAUNCHER]: Adding transformer net.neoforged.neoforge.coremods.MethodRedirector@46ef7340 to Target : cpw.mods.modlauncher.api.TargetType@7491cdae {Lnet/minecraft/server/commands/SummonCommand;} {} {V}
[183月2026 09:47:54.083] [main/DEBUG] [cpw.mods.modlauncher.TransformStore/MODLAUNCHER]: Adding transformer net.neoforged.neoforge.coremods.MethodRedirector@46ef7340 to Target : cpw.mods.modlauncher.api.TargetType@7491cdae {Lnet/minecraft/world/entity/monster/Strider;} {} {V}
[183月2026 09:47:54.083] [main/DEBUG] [cpw.mods.modlauncher.TransformStore/MODLAUNCHER]: Adding transformer net.neoforged.neoforge.coremods.MethodRedirector@46ef7340 to Target : cpw.mods.modlauncher.api.TargetType@7491cdae {Lnet/minecraft/world/level/levelgen/structure/structures/WoodlandMansionPieces$WoodlandMansionPiece;} {} {V}
[183月2026 09:47:54.083] [main/DEBUG] [cpw.mods.modlauncher.TransformStore/MODLAUNCHER]: Adding transformer net.neoforged.neoforge.coremods.MethodRedirector@46ef7340 to Target : cpw.mods.modlauncher.api.TargetType@7491cdae {Lnet/minecraft/world/entity/monster/Evoker$EvokerSummonSpellGoal;} {} {V}
[183月2026 09:47:54.083] [main/DEBUG] [cpw.mods.modlauncher.TransformStore/MODLAUNCHER]: Adding transformer net.neoforged.neoforge.coremods.MethodRedirector@46ef7340 to Target : cpw.mods.modlauncher.api.TargetType@7491cdae {Lnet/minecraft/world/entity/animal/horse/SkeletonTrapGoal;} {} {V}
[183月2026 09:47:54.083] [main/DEBUG] [cpw.mods.modlauncher.TransformStore/MODLAUNCHER]: Adding transformer net.neoforged.neoforge.coremods.MethodRedirector@46ef7340 to Target : cpw.mods.modlauncher.api.TargetType@7491cdae {Lnet/minecraft/world/entity/npc/CatSpawner;} {} {V}
[183月2026 09:47:54.083] [main/DEBUG] [cpw.mods.modlauncher.TransformStore/MODLAUNCHER]: Adding transformer net.neoforged.neoforge.coremods.MethodRedirector@46ef7340 to Target : cpw.mods.modlauncher.api.TargetType@7491cdae {Lnet/minecraft/world/entity/EntityType;} {} {V}
[183月2026 09:47:54.083] [main/DEBUG] [cpw.mods.modlauncher.TransformationServiceDecorator/MODLAUNCHER]: Initialized transformers for transformation service fml
[183月2026 09:47:54.187] [main/DEBUG] [mixin/]: Processing prepare() for PlatformAgent[MixinPlatformAgentDefault:ModLauncher Root Container(ModLauncher:4f56a0a2)]
[183月2026 09:47:54.187] [main/DEBUG] [mixin/]: Processing prepare() for PlatformAgent[MixinPlatformAgentDefault:net.neoforged.fml.loading.mixin.FMLMixinContainerHandle@11d0bff5]
[183月2026 09:47:54.187] [main/DEBUG] [mixin/]: Processing prepare() for PlatformAgent[FMLMixinPlatformAgent:null]
[183月2026 09:47:54.226] [main/DEBUG] [mixin/]: Processing launch tasks for PlatformAgent[MixinPlatformAgentDefault:ModLauncher Root Container(ModLauncher:4f56a0a2)]
[183月2026 09:47:54.226] [main/DEBUG] [mixin/]: Adding mixin platform agents for container SecureJarResource(mixin_synthetic)
[183月2026 09:47:54.226] [main/DEBUG] [mixin/]: Instancing new MixinPlatformAgentMinecraftForge for SecureJarResource(mixin_synthetic)
[183月2026 09:47:54.226] [main/DEBUG] [mixin/]: MixinPlatformAgentMinecraftForge rejected container SecureJarResource(mixin_synthetic)
[183月2026 09:47:54.226] [main/DEBUG] [mixin/]: Instancing new MixinPlatformAgentDefault for SecureJarResource(mixin_synthetic)
[183月2026 09:47:54.226] [main/DEBUG] [mixin/]: MixinPlatformAgentDefault accepted container SecureJarResource(mixin_synthetic)
[183月2026 09:47:54.226] [main/DEBUG] [mixin/]: Instancing new FMLMixinPlatformAgent for SecureJarResource(mixin_synthetic)
[183月2026 09:47:54.226] [main/DEBUG] [mixin/]: FMLMixinPlatformAgent rejected container SecureJarResource(mixin_synthetic)
[183月2026 09:47:54.226] [main/DEBUG] [mixin/]: Processing prepare() for PlatformAgent[MixinPlatformAgentDefault:SecureJarResource(mixin_synthetic)]
[183月2026 09:47:54.226] [main/DEBUG] [mixin/]: Adding mixin platform agents for container SecureJarResource(minecraft)
[183月2026 09:47:54.226] [main/DEBUG] [mixin/]: Instancing new MixinPlatformAgentMinecraftForge for SecureJarResource(minecraft)
[183月2026 09:47:54.226] [main/DEBUG] [mixin/]: MixinPlatformAgentMinecraftForge rejected container SecureJarResource(minecraft)
[183月2026 09:47:54.226] [main/DEBUG] [mixin/]: Instancing new MixinPlatformAgentDefault for SecureJarResource(minecraft)
[183月2026 09:47:54.226] [main/DEBUG] [mixin/]: MixinPlatformAgentDefault accepted container SecureJarResource(minecraft)
[183月2026 09:47:54.226] [main/DEBUG] [mixin/]: Instancing new FMLMixinPlatformAgent for SecureJarResource(minecraft)
[183月2026 09:47:54.226] [main/DEBUG] [mixin/]: FMLMixinPlatformAgent rejected container SecureJarResource(minecraft)
[183月2026 09:47:54.226] [main/DEBUG] [mixin/]: Processing prepare() for PlatformAgent[MixinPlatformAgentDefault:SecureJarResource(minecraft)]
[183月2026 09:47:54.226] [main/DEBUG] [mixin/]: Adding mixin platform agents for container SecureJarResource(neoforge)
[183月2026 09:47:54.226] [main/DEBUG] [mixin/]: Instancing new MixinPlatformAgentMinecraftForge for SecureJarResource(neoforge)
[183月2026 09:47:54.226] [main/DEBUG] [mixin/]: MixinPlatformAgentMinecraftForge rejected container SecureJarResource(neoforge)
[183月2026 09:47:54.226] [main/DEBUG] [mixin/]: Instancing new MixinPlatformAgentDefault for SecureJarResource(neoforge)
[183月2026 09:47:54.226] [main/DEBUG] [mixin/]: MixinPlatformAgentDefault accepted container SecureJarResource(neoforge)
[183月2026 09:47:54.226] [main/DEBUG] [mixin/]: Instancing new FMLMixinPlatformAgent for SecureJarResource(neoforge)
[183月2026 09:47:54.226] [main/DEBUG] [mixin/]: FMLMixinPlatformAgent rejected container SecureJarResource(neoforge)
[183月2026 09:47:54.226] [main/DEBUG] [mixin/]: Processing prepare() for PlatformAgent[MixinPlatformAgentDefault:SecureJarResource(neoforge)]
[183月2026 09:47:54.226] [main/DEBUG] [mixin/]: Adding mixin platform agents for container SecureJarResource(jei)
[183月2026 09:47:54.226] [main/DEBUG] [mixin/]: Instancing new MixinPlatformAgentMinecraftForge for SecureJarResource(jei)
[183月2026 09:47:54.226] [main/DEBUG] [mixin/]: MixinPlatformAgentMinecraftForge rejected container SecureJarResource(jei)
[183月2026 09:47:54.226] [main/DEBUG] [mixin/]: Instancing new MixinPlatformAgentDefault for SecureJarResource(jei)
[183月2026 09:47:54.226] [main/DEBUG] [mixin/]: MixinPlatformAgentDefault accepted container SecureJarResource(jei)
[183月2026 09:47:54.226] [main/DEBUG] [mixin/]: Instancing new FMLMixinPlatformAgent for SecureJarResource(jei)
[183月2026 09:47:54.232] [main/DEBUG] [mixin/]: FMLMixinPlatformAgent rejected container SecureJarResource(jei)
[183月2026 09:47:54.232] [main/DEBUG] [mixin/]: Processing prepare() for PlatformAgent[MixinPlatformAgentDefault:SecureJarResource(jei)]
[183月2026 09:47:54.232] [main/DEBUG] [mixin/]: Adding mixin platform agents for container SecureJarResource(mixinextras.neoforge)
[183月2026 09:47:54.232] [main/DEBUG] [mixin/]: Instancing new MixinPlatformAgentMinecraftForge for SecureJarResource(mixinextras.neoforge)
[183月2026 09:47:54.232] [main/DEBUG] [mixin/]: MixinPlatformAgentMinecraftForge rejected container SecureJarResource(mixinextras.neoforge)
[183月2026 09:47:54.232] [main/DEBUG] [mixin/]: Instancing new MixinPlatformAgentDefault for SecureJarResource(mixinextras.neoforge)
[183月2026 09:47:54.232] [main/DEBUG] [mixin/]: MixinPlatformAgentDefault accepted container SecureJarResource(mixinextras.neoforge)
[183月2026 09:47:54.232] [main/DEBUG] [mixin/]: Instancing new FMLMixinPlatformAgent for SecureJarResource(mixinextras.neoforge)
[183月2026 09:47:54.232] [main/DEBUG] [mixin/]: FMLMixinPlatformAgent rejected container SecureJarResource(mixinextras.neoforge)
[183月2026 09:47:54.232] [main/DEBUG] [mixin/]: Processing prepare() for PlatformAgent[MixinPlatformAgentDefault:SecureJarResource(mixinextras.neoforge)]
[183月2026 09:47:54.232] [main/DEBUG] [mixin/]: Registering mixin config: mixinextras.init.mixins.json source=SecureJarResource(mixinextras.neoforge)
[183月2026 09:47:54.232] [main/DEBUG] [mixin/]: inject() running with 7 agents
[183月2026 09:47:54.232] [main/DEBUG] [mixin/]: Processing inject() for PlatformAgent[MixinPlatformAgentDefault:ModLauncher Root Container(ModLauncher:4f56a0a2)]
[183月2026 09:47:54.232] [main/DEBUG] [mixin/]: Processing inject() for PlatformAgent[MixinPlatformAgentDefault:net.neoforged.fml.loading.mixin.FMLMixinContainerHandle@11d0bff5]
[183月2026 09:47:54.232] [main/DEBUG] [mixin/]: Processing inject() for PlatformAgent[FMLMixinPlatformAgent:null]
[183月2026 09:47:54.232] [main/DEBUG] [mixin/]: Processing inject() for PlatformAgent[MixinPlatformAgentDefault:SecureJarResource(mixin_synthetic)]
[183月2026 09:47:54.232] [main/DEBUG] [mixin/]: Processing inject() for PlatformAgent[MixinPlatformAgentDefault:SecureJarResource(minecraft)]
[183月2026 09:47:54.232] [main/DEBUG] [mixin/]: Processing inject() for PlatformAgent[MixinPlatformAgentDefault:SecureJarResource(neoforge)]
[183月2026 09:47:54.232] [main/DEBUG] [mixin/]: Processing inject() for PlatformAgent[MixinPlatformAgentDefault:SecureJarResource(jei)]
[183月2026 09:47:54.232] [main/DEBUG] [mixin/]: Processing inject() for PlatformAgent[MixinPlatformAgentDefault:SecureJarResource(mixinextras.neoforge)]
[183月2026 09:47:54.232] [main/INFO] [cpw.mods.modlauncher.LaunchServiceHandler/MODLAUNCHER]: Launching target 'forgeclient' with arguments [--version, 1.21.1, --gameDir, C:\Users\hp\.trident\instances\gene_hunter\build, --assetsDir, C:\Users\hp\.trident\cache\assets, --uuid, 8c2ba9e032a5063588dc756f50971af9, --username, zhaodaxia, --assetIndex, 17, --accessToken, ❄❄❄❄❄❄❄❄, --userType, legacy, --versionType, Polymerium, --width, 1270, --height, 720, --quickPlayMultiplayer, ]
[183月2026 09:47:54.258] [main/DEBUG] [mixin/]: Preparing mixins for MixinEnvironment[DEFAULT]
[183月2026 09:47:54.258] [main/DEBUG] [mixin/]: Selecting config neoforge.mixins.json
[183月2026 09:47:54.261] [main/DEBUG] [mixin/]: Selecting config mixinextras.init.mixins.json
[183月2026 09:47:54.292] [main/DEBUG] [MixinExtras|Service/]: com.llamalad7.mixinextras.service.MixinExtrasServiceImpl(version=0.5.0) is taking over from null
[183月2026 09:47:54.322] [main/DEBUG] [mixin/]: Registering new injector for @Inject with org.spongepowered.asm.mixin.injection.struct.CallbackInjectionInfo
[183月2026 09:47:54.322] [main/DEBUG] [mixin/]: Registering new injector for @ModifyArg with org.spongepowered.asm.mixin.injection.struct.ModifyArgInjectionInfo
[183月2026 09:47:54.322] [main/DEBUG] [mixin/]: Registering new injector for @ModifyArgs with org.spongepowered.asm.mixin.injection.struct.ModifyArgsInjectionInfo
[183月2026 09:47:54.322] [main/DEBUG] [mixin/]: Registering new injector for @Redirect with org.spongepowered.asm.mixin.injection.struct.RedirectInjectionInfo
[183月2026 09:47:54.328] [main/DEBUG] [mixin/]: Registering new injector for @ModifyVariable with org.spongepowered.asm.mixin.injection.struct.ModifyVariableInjectionInfo
[183月2026 09:47:54.328] [main/DEBUG] [mixin/]: Registering new injector for @ModifyConstant with org.spongepowered.asm.mixin.injection.struct.ModifyConstantInjectionInfo
[183月2026 09:47:54.340] [main/DEBUG] [mixin/]: Preparing neoforge.mixins.json (2)
[183月2026 09:47:54.355] [main/DEBUG] [net.neoforged.accesstransformer.AccessTransformer/AXFORM]: Transforming net.minecraft.world.level.block.entity.BlockEntityType INNERCLASS BlockEntitySupplier to access PUBLIC and LEAVE
[183月2026 09:47:54.374] [main/TRACE] [mixin/]: Added class metadata for net/minecraft/world/level/block/entity/BlockEntityType to metadata cache
[183月2026 09:47:54.378] [main/TRACE] [mixin/]: Added class metadata for net/minecraft/core/MappedRegistry to metadata cache
[183月2026 09:47:54.379] [main/DEBUG] [mixin/]: Preparing mixinextras.init.mixins.json (0)
[183月2026 09:47:54.384] [main/DEBUG] [net.neoforged.fml.common.asm.RuntimeDistCleaner/DISTXFORM]: Removing Class Annotation: net/minecraft/client/gui/screens/LoadingOverlay @Lnet/neoforged/api/distmarker/OnlyIn;
[183月2026 09:47:54.386] [main/DEBUG] [net.neoforged.fml.common.asm.RuntimeDistCleaner/DISTXFORM]: Removing Class Annotation: net/minecraft/client/renderer/texture/AbstractTexture @Lnet/neoforged/api/distmarker/OnlyIn;
[183月2026 09:47:54.387] [main/DEBUG] [net.neoforged.fml.common.asm.RuntimeDistCleaner/DISTXFORM]: Removing Class Annotation: net/minecraft/client/gui/screens/LoadingOverlay$LogoTexture @Lnet/neoforged/api/distmarker/OnlyIn;
[183月2026 09:47:54.389] [main/DEBUG] [net.neoforged.fml.common.asm.RuntimeDistCleaner/DISTXFORM]: Removing Class Annotation: com/mojang/blaze3d/vertex/VertexConsumer @Lnet/neoforged/api/distmarker/OnlyIn;
[183月2026 09:47:54.389] [main/DEBUG] [net.neoforged.fml.common.asm.RuntimeDistCleaner/DISTXFORM]: Removing Class Annotation: net/minecraft/client/gui/GuiGraphics @Lnet/neoforged/api/distmarker/OnlyIn;
[183月2026 09:47:54.397] [main/DEBUG] [net.neoforged.accesstransformer.AccessTransformer/AXFORM]: Transforming net.minecraft.client.Minecraft FIELD pendingConnection to access PUBLIC and LEAVE
[183月2026 09:47:54.397] [main/DEBUG] [net.neoforged.fml.common.asm.RuntimeDistCleaner/DISTXFORM]: Removing Class Annotation: net/minecraft/client/Minecraft @Lnet/neoforged/api/distmarker/OnlyIn;
[183月2026 09:47:54.417] [main/DEBUG] [net.neoforged.accesstransformer.AccessTransformer/AXFORM]: Transforming net.minecraft.util.thread.BlockableEventLoop METHOD submitAsync(Ljava/lang/Runnable;)Ljava/util/concurrent/CompletableFuture; to access PUBLIC and LEAVE
[183月2026 09:47:54.572] [main/DEBUG] [io.netty.util.internal.logging.InternalLoggerFactory/]: Using SLF4J as the default logging framework
[183月2026 09:47:54.573] [main/DEBUG] [io.netty.util.ResourceLeakDetector/]: -Dio.netty.leakDetection.level: simple
[183月2026 09:47:54.573] [main/DEBUG] [io.netty.util.ResourceLeakDetector/]: -Dio.netty.leakDetection.targetRecords: 4
[183月2026 09:47:55.232] [main/DEBUG] [oshi.util.FileUtil/]: No oshi.properties file found from ClassLoader cpw.mods.modlauncher.TransformingClassLoader@65871cfd
[183月2026 09:47:55.549] [Datafixer Bootstrap/INFO] [com.mojang.datafixers.DataFixerBuilder/]: 229 Datafixer optimizations took 344 milliseconds
[183月2026 09:47:55.642] [main/DEBUG] [oshi.util.FileUtil/]: No oshi.architecture.properties file found from ClassLoader cpw.mods.modlauncher.TransformingClassLoader@65871cfd
[183月2026 09:47:55.731] [pool-7-thread-1/INFO] [MixinExtras|Service/]: Initializing MixinExtras via com.llamalad7.mixinextras.service.MixinExtrasServiceImpl(version=0.5.0).
[183月2026 09:47:55.732] [pool-7-thread-1/DEBUG] [mixin/]: Registering new injector for @SugarWrapper with com.llamalad7.mixinextras.sugar.impl.SugarWrapperInjectionInfo
[183月2026 09:47:55.732] [pool-7-thread-1/DEBUG] [mixin/]: Registering new injector for @FactoryRedirectWrapper with com.llamalad7.mixinextras.wrapper.factory.FactoryRedirectWrapperInjectionInfo
[183月2026 09:47:55.732] [pool-7-thread-1/DEBUG] [mixin/]: Registering new injector for @ExpressionInjectorWrapper with com.llamalad7.mixinextras.expression.impl.wrapper.ExpressionInjectorWrapperInjectionInfo
[183月2026 09:47:55.744] [pool-7-thread-1/DEBUG] [mixin/]: Mixing MappedRegistryAccessor from neoforge.mixins.json into net.minecraft.core.MappedRegistry
[183月2026 09:47:55.746] [pool-7-thread-1/DEBUG] [mixin/]: neoforge.mixins.json:MappedRegistryAccessor from mod neoforge: Class version 65 required is higher than the class version supported by the current version of Mixin (JAVA_16 supports class version 60)
[183月2026 09:47:56.831] [pool-7-thread-1/DEBUG] [mixin/]: Mixing BlockEntityTypeAccessor from neoforge.mixins.json into net.minecraft.world.level.block.entity.BlockEntityType
[183月2026 09:47:56.831] [pool-7-thread-1/DEBUG] [mixin/]: neoforge.mixins.json:BlockEntityTypeAccessor from mod neoforge: Class version 65 required is higher than the class version supported by the current version of Mixin (JAVA_16 supports class version 60)
[183月2026 09:47:57.912] [pool-7-thread-1/DEBUG] [io.netty.util.internal.PlatformDependent0/]: -Dio.netty.noUnsafe: false
[183月2026 09:47:57.912] [pool-7-thread-1/DEBUG] [io.netty.util.internal.PlatformDependent0/]: Java version: 21
[183月2026 09:47:57.912] [pool-7-thread-1/DEBUG] [io.netty.util.internal.PlatformDependent0/]: sun.misc.Unsafe.theUnsafe: available
[183月2026 09:47:57.912] [pool-7-thread-1/DEBUG] [io.netty.util.internal.PlatformDependent0/]: sun.misc.Unsafe.copyMemory: available
[183月2026 09:47:57.912] [pool-7-thread-1/DEBUG] [io.netty.util.internal.PlatformDependent0/]: sun.misc.Unsafe.storeFence: available
[183月2026 09:47:57.912] [pool-7-thread-1/DEBUG] [io.netty.util.internal.PlatformDependent0/]: java.nio.Buffer.address: available
[183月2026 09:47:57.912] [pool-7-thread-1/DEBUG] [io.netty.util.internal.PlatformDependent0/]: java.nio.Bits.unaligned: available, true
[183月2026 09:47:57.918] [pool-7-thread-1/DEBUG] [io.netty.util.internal.PlatformDependent0/]: java.nio.DirectByteBuffer.<init>(long, {int,long}): unavailable
[183月2026 09:47:57.918] [pool-7-thread-1/DEBUG] [io.netty.util.internal.PlatformDependent/]: sun.misc.Unsafe: available
[183月2026 09:47:57.918] [pool-7-thread-1/DEBUG] [io.netty.util.internal.PlatformDependent/]: maxDirectMemory: 8413773824 bytes (maybe)
[183月2026 09:47:57.918] [pool-7-thread-1/DEBUG] [io.netty.util.internal.PlatformDependent/]: -Dio.netty.tmpdir: C:\Users\hp\AppData\Local\Temp (java.io.tmpdir)
[183月2026 09:47:57.918] [pool-7-thread-1/DEBUG] [io.netty.util.internal.PlatformDependent/]: -Dio.netty.bitMode: 64 (sun.arch.data.model)
[183月2026 09:47:57.918] [pool-7-thread-1/DEBUG] [io.netty.util.internal.PlatformDependent/]: Platform: Windows
[183月2026 09:47:57.918] [pool-7-thread-1/DEBUG] [io.netty.util.internal.PlatformDependent/]: -Dio.netty.maxDirectMemory: -1 bytes
[183月2026 09:47:57.918] [pool-7-thread-1/DEBUG] [io.netty.util.internal.PlatformDependent/]: -Dio.netty.uninitializedArrayAllocationThreshold: -1
[183月2026 09:47:57.918] [pool-7-thread-1/DEBUG] [io.netty.util.internal.CleanerJava9/]: java.nio.ByteBuffer.cleaner(): available
[183月2026 09:47:57.918] [pool-7-thread-1/DEBUG] [io.netty.util.internal.PlatformDependent/]: -Dio.netty.noPreferDirect: false
[183月2026 09:48:00.440] [Render thread/WARN] [net.minecraft.server.packs.VanillaPackResourcesBuilder/]: Assets URL 'union:/C:/Users/hp/.trident/cache/libraries/net/minecraft/client/1.21.1-20240808.144430/client-1.21.1-20240808.144430-srg.jar%23181!/assets/.mcassetsroot' uses unexpected schema
[183月2026 09:48:00.440] [Render thread/WARN] [net.minecraft.server.packs.VanillaPackResourcesBuilder/]: Assets URL 'union:/C:/Users/hp/.trident/cache/libraries/net/minecraft/client/1.21.1-20240808.144430/client-1.21.1-20240808.144430-srg.jar%23181!/data/.mcassetsroot' uses unexpected schema
[183月2026 09:48:00.463] [Render thread/INFO] [com.mojang.authlib.yggdrasil.YggdrasilAuthenticationService/]: Environment: Environment[sessionHost=https://sessionserver.mojang.com, servicesHost=https://api.minecraftservices.com, name=PROD]
[183月2026 09:48:00.473] [Render thread/INFO] [net.minecraft.client.Minecraft/]: Setting user: zhaodaxia
[183月2026 09:48:00.532] [Render thread/INFO] [net.minecraft.client.Minecraft/]: Backend library: LWJGL version 3.3.3+5
[183月2026 09:48:00.708] [Render thread/DEBUG] [net.neoforged.fml.ModWorkManager/LOADING]: Using 14 threads for parallel mod-loading
[183月2026 09:48:00.723] [Render thread/DEBUG] [net.neoforged.fml.javafmlmod.FMLModContainer/LOADING]: Creating FMLModContainer instance for [net.neoforged.neoforge.common.NeoForgeMod, net.neoforged.neoforge.client.ClientNeoForgeMod]
[183月2026 09:48:00.729] [Render thread/DEBUG] [net.neoforged.fml.javafmlmod.FMLModContainer/LOADING]: Creating FMLModContainer instance for [mezz.jei.neoforge.JustEnoughItems]
[183月2026 09:48:00.747] [modloading-worker-0/DEBUG] [net.neoforged.fml.config.ConfigTracker/CONFIG]: Config file jei-server.toml for jei tracking
[183月2026 09:48:00.749] [modloading-worker-0/DEBUG] [net.neoforged.neoforge.internal.versions.neoforge.NeoForgeVersion/CORE]: Found NeoForge version 21.1.220
[183月2026 09:48:00.750] [modloading-worker-0/DEBUG] [net.neoforged.neoforge.internal.versions.neoforge.NeoForgeVersion/CORE]: Found FML version 4.0.42
[183月2026 09:48:00.750] [modloading-worker-0/INFO] [net.neoforged.neoforge.common.NeoForgeMod/NEOFORGE-MOD]: NeoForge mod loading, version 21.1.220, for MC 1.21.1
[183月2026 09:48:00.761] [modloading-worker-0/DEBUG] [net.neoforged.fml.config.ConfigTracker/CONFIG]: Config file neoforge-client.toml for neoforge tracking
[183月2026 09:48:00.761] [modloading-worker-0/DEBUG] [net.neoforged.fml.config.ConfigTracker/CONFIG]: Config file neoforge-server.toml for neoforge tracking
[183月2026 09:48:00.761] [modloading-worker-0/DEBUG] [net.neoforged.fml.config.ConfigTracker/CONFIG]: Config file neoforge-common.toml for neoforge tracking
[183月2026 09:48:00.776] [modloading-worker-0/DEBUG] [mezz.jei.common.platform.Services/]: Loaded mezz.jei.neoforge.platform.PlatformHelper@2489b363 for service interface mezz.jei.common.platform.IPlatformHelper
[183月2026 09:48:00.781] [modloading-worker-0/DEBUG] [mezz.jei.common.config.file.ConfigSchema/]: Localization has not loaded yet, waiting to save the config file until JEI starts.
[183月2026 09:48:00.785] [modloading-worker-0/DEBUG] [mezz.jei.common.config.file.ConfigSchema/]: Localization has not loaded yet, waiting to save the config file until JEI starts.
[183月2026 09:48:00.787] [modloading-worker-0/DEBUG] [mezz.jei.common.config.file.ConfigSchema/]: Localization has not loaded yet, waiting to save the config file until JEI starts.
[183月2026 09:48:00.798] [modloading-worker-0/DEBUG] [mezz.jei.common.config.file.ConfigSchema/]: Localization has not loaded yet, waiting to save the config file until JEI starts.
[183月2026 09:48:00.809] [modloading-worker-0/INFO] [mezz.jei.library.load.PluginCaller/]: Sending ConfigManager...
[183月2026 09:48:00.813] [modloading-worker-0/DEBUG] [mezz.jei.library.load.PluginCallerTimerRunnable/]: Sending ConfigManager: jei:minecraft...
[183月2026 09:48:00.813] [modloading-worker-0/DEBUG] [mezz.jei.library.load.PluginCallerTimerRunnable/]: Sending ConfigManager: jei:neoforge_gui...
[183月2026 09:48:00.813] [modloading-worker-0/DEBUG] [mezz.jei.library.load.PluginCallerTimerRunnable/]: Sending ConfigManager: jei:debug...
[183月2026 09:48:00.813] [modloading-worker-0/DEBUG] [mezz.jei.library.load.PluginCallerTimerRunnable/]: Sending ConfigManager: jei:gui...
[183月2026 09:48:00.813] [modloading-worker-0/DEBUG] [mezz.jei.library.load.PluginCallerTimerRunnable/]: Sending ConfigManager: jei:internal...
[183月2026 09:48:00.815] [modloading-worker-0/INFO] [mezz.jei.library.load.PluginCaller/]: Sending ConfigManager took 3.265 milliseconds
[183月2026 09:48:00.825] [modloading-worker-0/DEBUG] [net.neoforged.fml.javafmlmod.AutomaticEventSubscriber/LOADING]: Attempting to inject @EventBusSubscriber classes into the eventbus for jei
[183月2026 09:48:00.836] [modloading-worker-0/DEBUG] [net.neoforged.fml.javafmlmod.AutomaticEventSubscriber/LOADING]: Attempting to inject @EventBusSubscriber classes into the eventbus for neoforge
[183月2026 09:48:00.837] [modloading-worker-0/DEBUG] [net.neoforged.fml.javafmlmod.AutomaticEventSubscriber/LOADING]: Scanning class net.neoforged.neoforge.server.command.ConfigCommand for @SubscribeEvent-annotated methods
[183月2026 09:48:00.839] [modloading-worker-0/DEBUG] [net.neoforged.fml.javafmlmod.AutomaticEventSubscriber/]: Subscribing @EventBusSubscriber class Lnet/neoforged/neoforge/server/command/ConfigCommand; to the game event bus
[183月2026 09:48:00.841] [modloading-worker-0/DEBUG] [net.neoforged.fml.javafmlmod.AutomaticEventSubscriber/LOADING]: Scanning class net.neoforged.neoforge.network.filters.GenericPacketSplitter for @SubscribeEvent-annotated methods
[183月2026 09:48:00.870] [modloading-worker-0/DEBUG] [io.netty.buffer.AbstractByteBuf/]: -Dio.netty.buffer.checkAccessible: true
[183月2026 09:48:00.870] [modloading-worker-0/DEBUG] [io.netty.buffer.AbstractByteBuf/]: -Dio.netty.buffer.checkBounds: true
[183月2026 09:48:00.872] [modloading-worker-0/DEBUG] [io.netty.util.ResourceLeakDetectorFactory/]: Loaded default ResourceLeakDetector: io.netty.util.ResourceLeakDetector@3a3a9009
[183月2026 09:48:00.882] [modloading-worker-0/DEBUG] [io.netty.util.internal.InternalThreadLocalMap/]: -Dio.netty.threadLocalMap.stringBuilder.initialSize: 1024
[183月2026 09:48:00.882] [modloading-worker-0/DEBUG] [io.netty.util.internal.InternalThreadLocalMap/]: -Dio.netty.threadLocalMap.stringBuilder.maxSize: 4096
[183月2026 09:48:00.885] [modloading-worker-0/DEBUG] [io.netty.buffer.PooledByteBufAllocator/]: -Dio.netty.allocator.numHeapArenas: 28
[183月2026 09:48:00.885] [modloading-worker-0/DEBUG] [io.netty.buffer.PooledByteBufAllocator/]: -Dio.netty.allocator.numDirectArenas: 28
[183月2026 09:48:00.885] [modloading-worker-0/DEBUG] [io.netty.buffer.PooledByteBufAllocator/]: -Dio.netty.allocator.pageSize: 8192
[183月2026 09:48:00.885] [modloading-worker-0/DEBUG] [io.netty.buffer.PooledByteBufAllocator/]: -Dio.netty.allocator.maxOrder: 9
[183月2026 09:48:00.885] [modloading-worker-0/DEBUG] [io.netty.buffer.PooledByteBufAllocator/]: -Dio.netty.allocator.chunkSize: 4194304
[183月2026 09:48:00.885] [modloading-worker-0/DEBUG] [io.netty.buffer.PooledByteBufAllocator/]: -Dio.netty.allocator.smallCacheSize: 256
[183月2026 09:48:00.885] [modloading-worker-0/DEBUG] [io.netty.buffer.PooledByteBufAllocator/]: -Dio.netty.allocator.normalCacheSize: 64
[183月2026 09:48:00.885] [modloading-worker-0/DEBUG] [io.netty.buffer.PooledByteBufAllocator/]: -Dio.netty.allocator.maxCachedBufferCapacity: 32768
[183月2026 09:48:00.885] [modloading-worker-0/DEBUG] [io.netty.buffer.PooledByteBufAllocator/]: -Dio.netty.allocator.cacheTrimInterval: 8192
[183月2026 09:48:00.885] [modloading-worker-0/DEBUG] [io.netty.buffer.PooledByteBufAllocator/]: -Dio.netty.allocator.cacheTrimIntervalMillis: 0
[183月2026 09:48:00.885] [modloading-worker-0/DEBUG] [io.netty.buffer.PooledByteBufAllocator/]: -Dio.netty.allocator.useCacheForAllThreads: false
[183月2026 09:48:00.885] [modloading-worker-0/DEBUG] [io.netty.buffer.PooledByteBufAllocator/]: -Dio.netty.allocator.maxCachedByteBuffersPerChunk: 1023
[183月2026 09:48:00.895] [modloading-worker-0/DEBUG] [io.netty.buffer.ByteBufUtil/]: -Dio.netty.allocator.type: pooled
[183月2026 09:48:00.895] [modloading-worker-0/DEBUG] [io.netty.buffer.ByteBufUtil/]: -Dio.netty.threadLocalDirectBufferSize: 0
[183月2026 09:48:00.896] [modloading-worker-0/DEBUG] [io.netty.buffer.ByteBufUtil/]: -Dio.netty.maxThreadLocalCharBufferSize: 16384
[183月2026 09:48:00.902] [modloading-worker-0/DEBUG] [net.neoforged.fml.javafmlmod.AutomaticEventSubscriber/]: Subscribing @EventBusSubscriber class Lnet/neoforged/neoforge/network/filters/GenericPacketSplitter; to the mod event bus of mod neoforge
[183月2026 09:48:00.905] [modloading-worker-0/DEBUG] [net.neoforged.fml.javafmlmod.AutomaticEventSubscriber/LOADING]: Scanning class net.neoforged.neoforge.network.NetworkInitialization for @SubscribeEvent-annotated methods
[183月2026 09:48:00.906] [modloading-worker-0/DEBUG] [net.neoforged.fml.javafmlmod.AutomaticEventSubscriber/]: Subscribing @EventBusSubscriber class Lnet/neoforged/neoforge/network/NetworkInitialization; to the mod event bus of mod neoforge
[183月2026 09:48:00.907] [modloading-worker-0/DEBUG] [net.neoforged.fml.javafmlmod.AutomaticEventSubscriber/LOADING]: Scanning class net.neoforged.neoforge.network.ConfigurationInitialization for @SubscribeEvent-annotated methods
[183月2026 09:48:00.908] [modloading-worker-0/DEBUG] [net.neoforged.fml.javafmlmod.AutomaticEventSubscriber/]: Subscribing @EventBusSubscriber class Lnet/neoforged/neoforge/network/ConfigurationInitialization; to the mod event bus of mod neoforge
[183月2026 09:48:00.909] [modloading-worker-0/DEBUG] [net.neoforged.fml.javafmlmod.AutomaticEventSubscriber/LOADING]: Scanning class net.neoforged.neoforge.common.MonsterRoomHooks for @SubscribeEvent-annotated methods
[183月2026 09:48:00.910] [modloading-worker-0/DEBUG] [net.neoforged.fml.javafmlmod.AutomaticEventSubscriber/]: Subscribing @EventBusSubscriber class Lnet/neoforged/neoforge/common/MonsterRoomHooks; to the game event bus
[183月2026 09:48:00.910] [modloading-worker-0/DEBUG] [net.neoforged.fml.javafmlmod.AutomaticEventSubscriber/LOADING]: Scanning class net.neoforged.neoforge.common.DeferredSpawnEggItem$CommonHandler for @SubscribeEvent-annotated methods
[183月2026 09:48:00.911] [modloading-worker-0/DEBUG] [net.neoforged.fml.javafmlmod.AutomaticEventSubscriber/]: Subscribing @EventBusSubscriber class Lnet/neoforged/neoforge/common/DeferredSpawnEggItem$CommonHandler; to the mod event bus of mod neoforge
[183月2026 09:48:00.912] [modloading-worker-0/DEBUG] [net.neoforged.fml.javafmlmod.AutomaticEventSubscriber/LOADING]: Scanning class net.neoforged.neoforge.common.DeferredSpawnEggItem$ColorRegisterHandler for @SubscribeEvent-annotated methods
[183月2026 09:48:00.912] [modloading-worker-0/DEBUG] [net.neoforged.fml.javafmlmod.AutomaticEventSubscriber/]: Subscribing @EventBusSubscriber class Lnet/neoforged/neoforge/common/DeferredSpawnEggItem$ColorRegisterHandler; to the mod event bus of mod neoforge
[183月2026 09:48:00.913] [modloading-worker-0/DEBUG] [net.neoforged.fml.javafmlmod.AutomaticEventSubscriber/LOADING]: Scanning class net.neoforged.neoforge.client.model.data.ModelDataManager for @SubscribeEvent-annotated methods
[183月2026 09:48:00.914] [modloading-worker-0/DEBUG] [net.neoforged.fml.javafmlmod.AutomaticEventSubscriber/]: Subscribing @EventBusSubscriber class Lnet/neoforged/neoforge/client/model/data/ModelDataManager; to the game event bus
[183月2026 09:48:00.914] [modloading-worker-0/DEBUG] [net.neoforged.fml.javafmlmod.AutomaticEventSubscriber/LOADING]: Scanning class net.neoforged.neoforge.client.ParticleBoundsDebugRenderer for @SubscribeEvent-annotated methods
[183月2026 09:48:00.919] [modloading-worker-0/DEBUG] [net.neoforged.fml.javafmlmod.AutomaticEventSubscriber/]: Subscribing @EventBusSubscriber class Lnet/neoforged/neoforge/client/ParticleBoundsDebugRenderer; to the game event bus
[183月2026 09:48:00.920] [modloading-worker-0/DEBUG] [net.neoforged.fml.javafmlmod.AutomaticEventSubscriber/LOADING]: Scanning class net.neoforged.neoforge.client.ClientHooks$ClientEvents for @SubscribeEvent-annotated methods
[183月2026 09:48:00.923] [modloading-worker-0/DEBUG] [net.neoforged.fml.javafmlmod.AutomaticEventSubscriber/]: Subscribing @EventBusSubscriber class Lnet/neoforged/neoforge/client/ClientHooks$ClientEvents; to the mod event bus of mod neoforge
[183月2026 09:48:00.923] [modloading-worker-0/DEBUG] [net.neoforged.fml.javafmlmod.AutomaticEventSubscriber/LOADING]: Scanning class net.neoforged.neoforge.client.BlockEntityRenderBoundsDebugRenderer for @SubscribeEvent-annotated methods
[183月2026 09:48:00.924] [modloading-worker-0/DEBUG] [net.neoforged.fml.javafmlmod.AutomaticEventSubscriber/]: Subscribing @EventBusSubscriber class Lnet/neoforged/neoforge/client/BlockEntityRenderBoundsDebugRenderer; to the game event bus
[183月2026 09:48:00.924] [modloading-worker-0/DEBUG] [net.neoforged.fml.javafmlmod.AutomaticEventSubscriber/LOADING]: Scanning class net.neoforged.neoforge.attachment.AttachmentSync for @SubscribeEvent-annotated methods
[183月2026 09:48:00.928] [modloading-worker-0/DEBUG] [net.neoforged.fml.javafmlmod.AutomaticEventSubscriber/]: Subscribing @EventBusSubscriber class Lnet/neoforged/neoforge/attachment/AttachmentSync; to the game event bus
[183月2026 09:48:00.928] [modloading-worker-0/DEBUG] [net.neoforged.fml.javafmlmod.AutomaticEventSubscriber/LOADING]: Scanning class net.neoforged.neoforge.attachment.AttachmentInternals for @SubscribeEvent-annotated methods
[183月2026 09:48:00.930] [modloading-worker-0/DEBUG] [net.neoforged.fml.javafmlmod.AutomaticEventSubscriber/]: Subscribing @EventBusSubscriber class Lnet/neoforged/neoforge/attachment/AttachmentInternals; to the game event bus
[183月2026 09:48:01.101] [modloading-sync-worker/DEBUG] [net.neoforged.fml.config.ConfigTracker/CONFIG]: Loading configs type CLIENT
[183月2026 09:48:01.128] [modloading-sync-worker/DEBUG] [net.neoforged.neoforge.common.NeoForgeConfig/FORGEMOD]: Loaded NeoForge config file neoforge-client.toml
[183月2026 09:48:01.129] [modloading-sync-worker/DEBUG] [net.neoforged.fml.config.ConfigTracker/CONFIG]: Loaded TOML config file C:\Users\hp\.trident\instances\gene_hunter\build\config\neoforge-client.toml
[183月2026 09:48:01.134] [modloading-sync-worker/DEBUG] [net.neoforged.fml.config.ConfigTracker/CONFIG]: Watching TOML config file C:\Users\hp\.trident\instances\gene_hunter\build\config\neoforge-client.toml for changes
[183月2026 09:48:01.134] [modloading-sync-worker/DEBUG] [net.neoforged.fml.config.ConfigTracker/CONFIG]: Loading configs type COMMON
[183月2026 09:48:01.143] [modloading-sync-worker/DEBUG] [net.neoforged.neoforge.common.NeoForgeConfig/FORGEMOD]: Loaded NeoForge config file neoforge-common.toml
[183月2026 09:48:01.143] [modloading-sync-worker/DEBUG] [net.neoforged.fml.config.ConfigTracker/CONFIG]: Loaded TOML config file C:\Users\hp\.trident\instances\gene_hunter\build\config\neoforge-common.toml
[183月2026 09:48:01.144] [modloading-sync-worker/DEBUG] [net.neoforged.fml.config.ConfigTracker/CONFIG]: Watching TOML config file C:\Users\hp\.trident\instances\gene_hunter\build\config\neoforge-common.toml for changes
[183月2026 09:48:01.818] [Render thread/INFO] [net.minecraft.server.packs.resources.ReloadableResourceManager/]: Reloading ResourceManager: vanilla, mod_resources, mod/neoforge, mod/jei
[183月2026 09:48:01.882] [Render thread/DEBUG] [net.neoforged.fml.DeferredWorkQueue/LOADING]: Dispatching synchronous work for work queue Common setup: 1 jobs
[183月2026 09:48:01.885] [Render thread/DEBUG] [net.neoforged.fml.DeferredWorkQueue/LOADING]: Synchronous work queue completed in 2.115 ms
[183月2026 09:48:01.891] [Worker-Main-13/INFO] [net.minecraft.client.gui.font.providers.UnihexProvider/]: Found unifont_all_no_pua-15.1.05.hex, loading
[183月2026 09:48:02.028] [Worker-Main-11/INFO] [net.minecraft.client.gui.font.providers.UnihexProvider/]: Found unifont_jp_patch-15.1.05.hex, loading
[183月2026 09:48:03.431] [Render thread/WARN] [net.minecraft.client.sounds.SoundEngine/]: Missing sound for event: minecraft:item.goat_horn.play
[183月2026 09:48:03.431] [Render thread/WARN] [net.minecraft.client.sounds.SoundEngine/]: Missing sound for event: minecraft:entity.goat.screaming.horn_break
[183月2026 09:48:03.812] [Render thread/INFO] [com.mojang.blaze3d.audio.Library/]: OpenAL initialized on device OpenAL Soft on 耳机 (HyperX Cloud III)
[183月2026 09:48:03.813] [Render thread/INFO] [net.minecraft.client.sounds.SoundEngine/SOUNDS]: Sound engine started
[183月2026 09:48:03.932] [Render thread/INFO] [net.minecraft.client.renderer.texture.TextureAtlas/]: Created: 1024x512x4 minecraft:textures/atlas/blocks.png-atlas
[183月2026 09:48:03.940] [Render thread/INFO] [net.minecraft.client.renderer.texture.TextureAtlas/]: Created: 256x256x4 minecraft:textures/atlas/signs.png-atlas
[183月2026 09:48:03.940] [Render thread/INFO] [net.minecraft.client.renderer.texture.TextureAtlas/]: Created: 512x512x4 minecraft:textures/atlas/shield_patterns.png-atlas
[183月2026 09:48:03.940] [Render thread/INFO] [net.minecraft.client.renderer.texture.TextureAtlas/]: Created: 512x512x4 minecraft:textures/atlas/banner_patterns.png-atlas
[183月2026 09:48:03.941] [Render thread/INFO] [net.minecraft.client.renderer.texture.TextureAtlas/]: Created: 1024x1024x4 minecraft:textures/atlas/armor_trims.png-atlas
[183月2026 09:48:03.943] [Render thread/INFO] [net.minecraft.client.renderer.texture.TextureAtlas/]: Created: 256x256x4 minecraft:textures/atlas/chest.png-atlas
[183月2026 09:48:03.944] [Render thread/INFO] [net.minecraft.client.renderer.texture.TextureAtlas/]: Created: 128x64x4 minecraft:textures/atlas/decorated_pot.png-atlas
[183月2026 09:48:03.944] [Render thread/INFO] [net.minecraft.client.renderer.texture.TextureAtlas/]: Created: 512x256x4 minecraft:textures/atlas/shulker_boxes.png-atlas
[183月2026 09:48:03.944] [Render thread/INFO] [net.minecraft.client.renderer.texture.TextureAtlas/]: Created: 512x256x4 minecraft:textures/atlas/beds.png-atlas
[183月2026 09:48:04.094] [Render thread/INFO] [net.minecraft.client.renderer.texture.TextureAtlas/]: Created: 512x256x0 minecraft:textures/atlas/particles.png-atlas
[183月2026 09:48:04.096] [Render thread/INFO] [net.minecraft.client.renderer.texture.TextureAtlas/]: Created: 512x256x0 minecraft:textures/atlas/paintings.png-atlas
[183月2026 09:48:04.096] [Render thread/INFO] [net.minecraft.client.renderer.texture.TextureAtlas/]: Created: 256x128x0 minecraft:textures/atlas/mob_effects.png-atlas
[183月2026 09:48:04.097] [Render thread/INFO] [net.minecraft.client.renderer.texture.TextureAtlas/]: Created: 64x64x0 minecraft:textures/atlas/map_decorations.png-atlas
[183月2026 09:48:04.097] [Render thread/INFO] [net.minecraft.client.renderer.texture.TextureAtlas/]: Created: 1024x512x0 minecraft:textures/atlas/gui.png-atlas
[183月2026 09:48:04.227] [Render thread/WARN] [net.minecraft.client.renderer.ShaderInstance/]: Shader rendertype_entity_translucent_emissive could not find sampler named Sampler2 in the specified shader program.
[183月2026 09:48:04.514] [Render thread/INFO] [net.neoforged.neoforge.client.entity.animation.json.AnimationLoader/]: Loaded 0 entity animations
[183月2026 09:48:04.514] [Render thread/INFO] [net.minecraft.client.renderer.texture.TextureAtlas/]: Created: 256x256x0 jei:textures/atlas/gui.png-atlas
[183月2026 09:48:09.776] [Render thread/INFO] [net.minecraft.server.packs.resources.ReloadableResourceManager/]: Reloading ResourceManager: vanilla, mod_resources, mod/neoforge, mod/jei
[183月2026 09:48:09.779] [Worker-Main-13/INFO] [net.minecraft.client.gui.font.providers.UnihexProvider/]: Found unifont_all_no_pua-15.1.05.hex, loading
[183月2026 09:48:09.837] [Worker-Main-8/INFO] [net.minecraft.client.gui.font.providers.UnihexProvider/]: Found unifont_jp_patch-15.1.05.hex, loading
[183月2026 09:48:10.437] [Render thread/WARN] [net.minecraft.client.sounds.SoundEngine/]: Missing sound for event: minecraft:item.goat_horn.play
[183月2026 09:48:10.437] [Render thread/WARN] [net.minecraft.client.sounds.SoundEngine/]: Missing sound for event: minecraft:entity.goat.screaming.horn_break
[183月2026 09:48:10.753] [Render thread/INFO] [com.mojang.blaze3d.audio.Library/]: OpenAL initialized on device OpenAL Soft on 耳机 (HyperX Cloud III)
[183月2026 09:48:10.753] [Render thread/INFO] [net.minecraft.client.sounds.SoundEngine/SOUNDS]: Sound engine started
[183月2026 09:48:10.808] [Render thread/INFO] [net.minecraft.client.renderer.texture.TextureAtlas/]: Created: 1024x512x4 minecraft:textures/atlas/blocks.png-atlas
[183月2026 09:48:10.811] [Render thread/INFO] [net.minecraft.client.renderer.texture.TextureAtlas/]: Created: 256x256x4 minecraft:textures/atlas/signs.png-atlas
[183月2026 09:48:10.811] [Render thread/INFO] [net.minecraft.client.renderer.texture.TextureAtlas/]: Created: 512x512x4 minecraft:textures/atlas/shield_patterns.png-atlas
[183月2026 09:48:10.811] [Render thread/INFO] [net.minecraft.client.renderer.texture.TextureAtlas/]: Created: 512x512x4 minecraft:textures/atlas/banner_patterns.png-atlas
[183月2026 09:48:10.811] [Render thread/INFO] [net.minecraft.client.renderer.texture.TextureAtlas/]: Created: 1024x1024x4 minecraft:textures/atlas/armor_trims.png-atlas
[183月2026 09:48:10.813] [Render thread/INFO] [net.minecraft.client.renderer.texture.TextureAtlas/]: Created: 256x256x4 minecraft:textures/atlas/chest.png-atlas
[183月2026 09:48:10.814] [Render thread/INFO] [net.minecraft.client.renderer.texture.TextureAtlas/]: Created: 128x64x4 minecraft:textures/atlas/decorated_pot.png-atlas
[183月2026 09:48:10.814] [Render thread/INFO] [net.minecraft.client.renderer.texture.TextureAtlas/]: Created: 512x256x4 minecraft:textures/atlas/shulker_boxes.png-atlas
[183月2026 09:48:10.814] [Render thread/INFO] [net.minecraft.client.renderer.texture.TextureAtlas/]: Created: 512x256x4 minecraft:textures/atlas/beds.png-atlas
[183月2026 09:48:10.819] [Render thread/INFO] [net.minecraft.client.renderer.texture.TextureAtlas/]: Created: 512x256x0 minecraft:textures/atlas/particles.png-atlas
[183月2026 09:48:10.820] [Render thread/INFO] [net.minecraft.client.renderer.texture.TextureAtlas/]: Created: 512x256x0 minecraft:textures/atlas/paintings.png-atlas
[183月2026 09:48:10.820] [Render thread/INFO] [net.minecraft.client.renderer.texture.TextureAtlas/]: Created: 256x128x0 minecraft:textures/atlas/mob_effects.png-atlas
[183月2026 09:48:10.820] [Render thread/INFO] [net.minecraft.client.renderer.texture.TextureAtlas/]: Created: 64x64x0 minecraft:textures/atlas/map_decorations.png-atlas
[183月2026 09:48:10.820] [Render thread/INFO] [net.minecraft.client.renderer.texture.TextureAtlas/]: Created: 1024x512x0 minecraft:textures/atlas/gui.png-atlas
[183月2026 09:48:10.832] [Render thread/WARN] [net.minecraft.client.renderer.ShaderInstance/]: Shader rendertype_entity_translucent_emissive could not find sampler named Sampler2 in the specified shader program.
[183月2026 09:48:10.862] [Render thread/INFO] [net.neoforged.neoforge.client.entity.animation.json.AnimationLoader/]: Loaded 0 entity animations
[183月2026 09:48:10.862] [Render thread/INFO] [net.minecraft.client.renderer.texture.TextureAtlas/]: Created: 256x256x0 jei:textures/atlas/gui.png-atlas
[183月2026 09:48:15.501] [Render thread/INFO] [net.minecraft.world.item.crafting.RecipeManager/]: Loaded 1290 recipes
[183月2026 09:48:15.618] [Render thread/INFO] [net.minecraft.advancements.AdvancementTree/]: Loaded 1399 advancements
[183月2026 09:48:15.917] [Render thread/DEBUG] [mezz.jei.neoforge.startup.StartEventObserver/]: JEI StartEventObserver received class net.neoforged.neoforge.event.TagsUpdatedEvent too early, ignoring
[183月2026 09:48:17.116] [Render thread/DEBUG] [net.neoforged.neoforge.common.CommonHooks/WP]: Gathered mod list to write to world save 新的世界
[183月2026 09:48:17.143] [Server thread/INFO] [net.minecraft.client.server.IntegratedServer/]: Starting integrated minecraft server version 1.21.1
[183月2026 09:48:17.143] [Server thread/INFO] [net.minecraft.server.MinecraftServer/]: Generating keypair
[183月2026 09:48:17.222] [Server thread/DEBUG] [net.neoforged.fml.config.ConfigTracker/CONFIG]: Loading configs type SERVER
[183月2026 09:48:17.229] [Server thread/DEBUG] [net.neoforged.fml.config.ConfigTracker/CONFIG]: Loaded TOML config file C:\Users\hp\.trident\instances\gene_hunter\build\config\jei-server.toml
[183月2026 09:48:17.230] [Server thread/DEBUG] [net.neoforged.fml.config.ConfigTracker/CONFIG]: Watching TOML config file C:\Users\hp\.trident\instances\gene_hunter\build\config\jei-server.toml for changes
[183月2026 09:48:17.237] [Server thread/DEBUG] [net.neoforged.neoforge.common.NeoForgeConfig/FORGEMOD]: Loaded NeoForge config file neoforge-server.toml
[183月2026 09:48:17.237] [Server thread/DEBUG] [net.neoforged.fml.config.ConfigTracker/CONFIG]: Loaded TOML config file C:\Users\hp\.trident\instances\gene_hunter\build\config\neoforge-server.toml
[183月2026 09:48:17.238] [Server thread/DEBUG] [net.neoforged.fml.config.ConfigTracker/CONFIG]: Watching TOML config file C:\Users\hp\.trident\instances\gene_hunter\build\config\neoforge-server.toml for changes
[183月2026 09:48:20.613] [Server thread/INFO] [net.minecraft.server.MinecraftServer/]: Preparing start region for dimension minecraft:overworld
[183月2026 09:48:20.643] [Render thread/INFO] [net.minecraft.server.level.progress.LoggerChunkProgressListener/]: 准备生成区域中：2%
[183月2026 09:48:21.128] [Render thread/INFO] [net.minecraft.server.level.progress.LoggerChunkProgressListener/]: 准备生成区域中：2%
[183月2026 09:48:21.626] [Render thread/INFO] [net.minecraft.server.level.progress.LoggerChunkProgressListener/]: 准备生成区域中：18%
[183月2026 09:48:22.157] [Render thread/INFO] [net.minecraft.server.level.progress.LoggerChunkProgressListener/]: 准备生成区域中：18%
[183月2026 09:48:22.642] [Render thread/INFO] [net.minecraft.server.level.progress.LoggerChunkProgressListener/]: 准备生成区域中：51%
[183月2026 09:48:22.813] [Server thread/INFO] [net.neoforged.neoforge.server.permission.PermissionAPI/]: Successfully initialized permission handler neoforge:default_handler
[183月2026 09:48:22.826] [Render thread/INFO] [net.minecraft.server.level.progress.LoggerChunkProgressListener/]: Time elapsed: 2201 ms
[183月2026 09:48:22.854] [Server thread/INFO] [net.minecraft.client.server.IntegratedServer/]: Changing view distance to 12, from 10
[183月2026 09:48:22.854] [Server thread/INFO] [net.minecraft.client.server.IntegratedServer/]: Changing simulation distance to 12, from 0
[183月2026 09:48:22.891] [Render thread/DEBUG] [io.netty.channel.MultithreadEventLoopGroup/]: -Dio.netty.eventLoopThreads: 28
[183月2026 09:48:22.902] [Render thread/DEBUG] [io.netty.util.concurrent.GlobalEventExecutor/]: -Dio.netty.globalEventExecutor.quietPeriodSeconds: 1
[183月2026 09:48:22.913] [Render thread/DEBUG] [io.netty.channel.nio.NioEventLoop/]: -Dio.netty.noKeySetOptimization: false
[183月2026 09:48:22.913] [Render thread/DEBUG] [io.netty.channel.nio.NioEventLoop/]: -Dio.netty.selectorAutoRebuildThreshold: 512
[183月2026 09:48:22.917] [Render thread/DEBUG] [io.netty.util.internal.PlatformDependent/]: org.jctools-core.MpscChunkedArrayQueue: available
[183月2026 09:48:22.955] [Render thread/DEBUG] [io.netty.channel.DefaultChannelId/]: -Dio.netty.processId: 14444 (auto-detected)
[183月2026 09:48:22.957] [Render thread/DEBUG] [io.netty.util.NetUtil/]: -Djava.net.preferIPv4Stack: true
[183月2026 09:48:22.957] [Render thread/DEBUG] [io.netty.util.NetUtil/]: -Djava.net.preferIPv6Addresses: system
[183月2026 09:48:22.964] [Render thread/DEBUG] [io.netty.util.NetUtilInitializations/]: Loopback interface: loopback_0 (Software Loopback Interface 1, 0:0:0:0:0:0:0:1)
[183月2026 09:48:22.967] [Render thread/DEBUG] [io.netty.util.NetUtil/]: Failed to get SOMAXCONN from sysctl and file \proc\sys\net\core\somaxconn. Default: 200
[183月2026 09:48:22.969] [Render thread/DEBUG] [io.netty.channel.DefaultChannelId/]: -Dio.netty.machineId: 00:00:00:00:00:00:00:e0 (auto-detected)
[183月2026 09:48:23.039] [Render thread/DEBUG] [io.netty.util.Recycler/]: -Dio.netty.recycler.maxCapacityPerThread: 4096
[183月2026 09:48:23.039] [Render thread/DEBUG] [io.netty.util.Recycler/]: -Dio.netty.recycler.ratio: 8
[183月2026 09:48:23.039] [Render thread/DEBUG] [io.netty.util.Recycler/]: -Dio.netty.recycler.chunkSize: 32
[183月2026 09:48:23.039] [Render thread/DEBUG] [io.netty.util.Recycler/]: -Dio.netty.recycler.blocking: false
[183月2026 09:48:23.039] [Render thread/DEBUG] [io.netty.util.Recycler/]: -Dio.netty.recycler.batchFastThreadLocalOnly: true
[183月2026 09:48:23.172] [Netty Server IO #1/DEBUG] [net.neoforged.neoforge.network.filters.NetworkFilters/]: Injected net.neoforged.neoforge.network.filters.GenericPacketSplitter@4e792781 into net.minecraft.network.Connection@32cd5a0e
[183月2026 09:48:23.176] [Netty Local Client IO #0/DEBUG] [net.neoforged.neoforge.network.filters.NetworkFilters/]: Injected net.neoforged.neoforge.network.filters.GenericPacketSplitter@2688612e into net.minecraft.network.Connection@4dd7f831
[183月2026 09:48:23.291] [Render thread/DEBUG] [mezz.jei.neoforge.startup.StartEventObserver/]: JEI StartEventObserver received event: class net.neoforged.neoforge.event.TagsUpdatedEvent
[183月2026 09:48:23.385] [Netty Server IO #1/DEBUG] [net.neoforged.neoforge.network.filters.NetworkFilters/]: Injected net.neoforged.neoforge.network.filters.GenericPacketSplitter@2a2a3ef0 into net.minecraft.network.Connection@32cd5a0e
[183月2026 09:48:23.439] [Server thread/INFO] [net.minecraft.server.players.PlayerList/]: zhaodaxia[local:E:953a6757] logged in with entity id 42 at (-1.5, 68.0, -5.5)
[183月2026 09:48:23.517] [Server thread/INFO] [net.minecraft.server.MinecraftServer/]: zhaodaxia加入了游戏
[183月2026 09:48:23.595] [Render thread/DEBUG] [mezz.jei.neoforge.startup.StartEventObserver/]: JEI StartEventObserver received event: class net.neoforged.neoforge.client.event.RecipesUpdatedEvent
[183月2026 09:48:23.595] [Render thread/DEBUG] [mezz.jei.neoforge.startup.StartEventObserver/]: JEI StartEventObserver transitioning state from LISTENING to JEI_STARTED
[183月2026 09:48:23.596] [Render thread/INFO] [mezz.jei.core.util.LoggedTimer/]: Starting JEI...
[183月2026 09:48:23.605] [Render thread/INFO] [mezz.jei.library.load.PluginCaller/]: Registering item subtypes...
[183月2026 09:48:23.605] [Render thread/DEBUG] [mezz.jei.library.load.PluginCallerTimerRunnable/]: Registering item subtypes: jei:minecraft...
[183月2026 09:48:23.611] [Render thread/DEBUG] [mezz.jei.library.load.PluginCallerTimerRunnable/]: Registering item subtypes: jei:neoforge_gui...
[183月2026 09:48:23.611] [Render thread/DEBUG] [mezz.jei.library.load.PluginCallerTimerRunnable/]: Registering item subtypes: jei:debug...
[183月2026 09:48:23.611] [Render thread/DEBUG] [mezz.jei.library.load.PluginCallerTimerRunnable/]: Registering item subtypes: jei:gui...
[183月2026 09:48:23.611] [Render thread/DEBUG] [mezz.jei.library.load.PluginCallerTimerRunnable/]: Registering item subtypes: jei:internal...
[183月2026 09:48:23.611] [Render thread/INFO] [mezz.jei.library.load.PluginCaller/]: Registering item subtypes took 5.905 milliseconds
[183月2026 09:48:23.611] [Render thread/INFO] [mezz.jei.library.load.PluginCaller/]: Registering fluid subtypes...
[183月2026 09:48:23.611] [Render thread/DEBUG] [mezz.jei.library.load.PluginCallerTimerRunnable/]: Registering fluid subtypes: jei:minecraft...
[183月2026 09:48:23.611] [Render thread/DEBUG] [mezz.jei.library.load.PluginCallerTimerRunnable/]: Registering fluid subtypes: jei:neoforge_gui...
[183月2026 09:48:23.611] [Render thread/DEBUG] [mezz.jei.library.load.PluginCallerTimerRunnable/]: Registering fluid subtypes: jei:debug...
[183月2026 09:48:23.613] [Render thread/DEBUG] [mezz.jei.library.load.PluginCallerTimerRunnable/]: Registering fluid subtypes: jei:gui...
[183月2026 09:48:23.613] [Render thread/DEBUG] [mezz.jei.library.load.PluginCallerTimerRunnable/]: Registering fluid subtypes: jei:internal...
[183月2026 09:48:23.613] [Render thread/INFO] [mezz.jei.library.load.PluginCaller/]: Registering fluid subtypes took 1.450 milliseconds
[183月2026 09:48:23.615] [Render thread/INFO] [mezz.jei.library.load.PluginCaller/]: Registering ingredients...
[183月2026 09:48:23.616] [Render thread/DEBUG] [mezz.jei.library.load.PluginCallerTimerRunnable/]: Registering ingredients: jei:minecraft...
[183月2026 09:48:23.634] [Render thread/DEBUG] [mezz.jei.library.plugins.vanilla.ingredients.ItemStackListFactory/]: Added  402/ 402 new items from '建筑方块' creative tab's displayItems
[183月2026 09:48:23.639] [Render thread/DEBUG] [mezz.jei.library.plugins.vanilla.ingredients.ItemStackListFactory/]: Added  198/ 198 new items from '染色方块' creative tab's displayItems
[183月2026 09:48:23.643] [Render thread/DEBUG] [mezz.jei.library.plugins.vanilla.ingredients.ItemStackListFactory/]: Added  201/ 226 new items from '自然方块' creative tab's displayItems
[183月2026 09:48:23.656] [Render thread/DEBUG] [mezz.jei.library.plugins.vanilla.ingredients.ItemStackListFactory/]: Added  138/ 225 new items from '功能方块' creative tab's displayItems
[183月2026 09:48:23.657] [Render thread/DEBUG] [mezz.jei.library.plugins.vanilla.ingredients.ItemStackListFactory/]: Added   29/  68 new items from '红石方块' creative tab's displayItems
[183月2026 09:48:23.657] [Render thread/DEBUG] [mezz.jei.library.plugins.vanilla.ingredients.ItemStackListFactory/]: Skipping creative tab: '已保存的快捷栏' because it is type: HOTBAR
[183月2026 09:48:23.657] [Render thread/DEBUG] [mezz.jei.library.plugins.vanilla.ingredients.ItemStackListFactory/]: Skipping creative tab: '搜索物品' because it is type: SEARCH
[183月2026 09:48:23.661] [Render thread/DEBUG] [mezz.jei.library.plugins.vanilla.ingredients.ItemStackListFactory/]: Added  101/ 113 new items from '工具与实用物品' creative tab's displayItems
[183月2026 09:48:23.664] [Render thread/DEBUG] [mezz.jei.library.plugins.vanilla.ingredients.ItemStackListFactory/]: Added   92/ 104 new items from '战斗用品' creative tab's displayItems
[183月2026 09:48:23.672] [Render thread/DEBUG] [mezz.jei.library.plugins.vanilla.ingredients.ItemStackListFactory/]: Added  190/ 193 new items from '食物与饮品' creative tab's displayItems
[183月2026 09:48:23.681] [Render thread/DEBUG] [mezz.jei.library.plugins.vanilla.ingredients.ItemStackListFactory/]: Added  172/ 186 new items from '原材料' creative tab's displayItems
[183月2026 09:48:23.681] [Render thread/DEBUG] [mezz.jei.library.plugins.vanilla.ingredients.ItemStackListFactory/]: Added   83/ 269 new items from '原材料' creative tab's searchTabDisplayItems
[183月2026 09:48:23.684] [Render thread/DEBUG] [mezz.jei.library.plugins.vanilla.ingredients.ItemStackListFactory/]: Added   80/  80 new items from '刷怪蛋' creative tab's displayItems
[183月2026 09:48:23.685] [Render thread/DEBUG] [mezz.jei.library.plugins.vanilla.ingredients.ItemStackListFactory/]: Item Group has no display items and no search tab display items. Items from this group will be missing from the JEI ingredient list. 管理员用品
[183月2026 09:48:23.685] [Render thread/DEBUG] [mezz.jei.library.plugins.vanilla.ingredients.ItemStackListFactory/]: Skipping creative tab: '生存模式物品栏' because it is type: INVENTORY
[183月2026 09:48:23.703] [Render thread/INFO] [mezz.jei.library.load.PluginCallerTimerRunnable/]: Registering ingredients: jei:minecraft took 86.46 milliseconds
[183月2026 09:48:23.703] [Render thread/DEBUG] [mezz.jei.library.load.PluginCallerTimerRunnable/]: Registering ingredients: jei:neoforge_gui...
[183月2026 09:48:23.703] [Render thread/DEBUG] [mezz.jei.library.load.PluginCallerTimerRunnable/]: Registering ingredients: jei:debug...
[183月2026 09:48:23.703] [Render thread/DEBUG] [mezz.jei.library.load.PluginCallerTimerRunnable/]: Registering ingredients: jei:gui...
[183月2026 09:48:23.703] [Render thread/DEBUG] [mezz.jei.library.load.PluginCallerTimerRunnable/]: Registering ingredients: jei:internal...
[183月2026 09:48:23.703] [Render thread/INFO] [mezz.jei.library.load.PluginCaller/]: Registering ingredients took 87.35 milliseconds
[183月2026 09:48:23.703] [Render thread/INFO] [mezz.jei.library.load.PluginCaller/]: Registering extra ingredients...
[183月2026 09:48:23.705] [Render thread/DEBUG] [mezz.jei.library.load.PluginCallerTimerRunnable/]: Registering extra ingredients: jei:minecraft...
[183月2026 09:48:23.705] [Render thread/DEBUG] [mezz.jei.library.load.PluginCallerTimerRunnable/]: Registering extra ingredients: jei:neoforge_gui...
[183月2026 09:48:23.705] [Render thread/DEBUG] [mezz.jei.library.load.PluginCallerTimerRunnable/]: Registering extra ingredients: jei:debug...
[183月2026 09:48:23.705] [Render thread/DEBUG] [mezz.jei.library.load.PluginCallerTimerRunnable/]: Registering extra ingredients: jei:gui...
[183月2026 09:48:23.705] [Render thread/DEBUG] [mezz.jei.library.load.PluginCallerTimerRunnable/]: Registering extra ingredients: jei:internal...
[183月2026 09:48:23.705] [Render thread/INFO] [mezz.jei.library.load.PluginCaller/]: Registering extra ingredients took 358.7 microseconds
[183月2026 09:48:23.705] [Render thread/INFO] [mezz.jei.library.load.PluginCaller/]: Registering search ingredient aliases...
[183月2026 09:48:23.706] [Render thread/DEBUG] [mezz.jei.library.load.PluginCallerTimerRunnable/]: Registering search ingredient aliases: jei:minecraft...
[183月2026 09:48:23.706] [Render thread/DEBUG] [mezz.jei.library.load.PluginCallerTimerRunnable/]: Registering search ingredient aliases: jei:neoforge_gui...
[183月2026 09:48:23.706] [Render thread/DEBUG] [mezz.jei.library.load.PluginCallerTimerRunnable/]: Registering search ingredient aliases: jei:debug...
[183月2026 09:48:23.706] [Render thread/DEBUG] [mezz.jei.library.load.PluginCallerTimerRunnable/]: Registering search ingredient aliases: jei:gui...
[183月2026 09:48:23.706] [Render thread/DEBUG] [mezz.jei.library.load.PluginCallerTimerRunnable/]: Registering search ingredient aliases: jei:internal...
[183月2026 09:48:23.706] [Render thread/INFO] [mezz.jei.library.load.PluginCaller/]: Registering search ingredient aliases took 635.8 microseconds
[183月2026 09:48:23.726] [Render thread/DEBUG] [mezz.jei.library.config.EditModeConfig/]: Saved blacklist config to file: C:\Users\hp\.trident\instances\gene_hunter\build\config\jei\blacklist.json
[183月2026 09:48:23.735] [Render thread/INFO] [mezz.jei.library.load.PluginCaller/]: Registering Mod Info...
[183月2026 09:48:23.735] [Render thread/DEBUG] [mezz.jei.library.load.PluginCallerTimerRunnable/]: Registering Mod Info: jei:minecraft...
[183月2026 09:48:23.735] [Render thread/DEBUG] [mezz.jei.library.load.PluginCallerTimerRunnable/]: Registering Mod Info: jei:neoforge_gui...
[183月2026 09:48:23.735] [Render thread/DEBUG] [mezz.jei.library.load.PluginCallerTimerRunnable/]: Registering Mod Info: jei:debug...
[183月2026 09:48:23.735] [Render thread/DEBUG] [mezz.jei.library.load.PluginCallerTimerRunnable/]: Registering Mod Info: jei:gui...
[183月2026 09:48:23.735] [Render thread/DEBUG] [mezz.jei.library.load.PluginCallerTimerRunnable/]: Registering Mod Info: jei:internal...
[183月2026 09:48:23.735] [Render thread/INFO] [mezz.jei.library.load.PluginCaller/]: Registering Mod Info took 322.7 microseconds
[183月2026 09:48:23.748] [Render thread/INFO] [mezz.jei.library.load.PluginCaller/]: Registering categories...
[183月2026 09:48:23.748] [Render thread/DEBUG] [mezz.jei.library.load.PluginCallerTimerRunnable/]: Registering categories: jei:minecraft...
[183月2026 09:48:23.761] [Render thread/INFO] [mezz.jei.library.load.PluginCallerTimerRunnable/]: Registering categories: jei:minecraft took 14.06 milliseconds
[183月2026 09:48:23.761] [Render thread/DEBUG] [mezz.jei.library.load.PluginCallerTimerRunnable/]: Registering categories: jei:neoforge_gui...
[183月2026 09:48:23.761] [Render thread/DEBUG] [mezz.jei.library.load.PluginCallerTimerRunnable/]: Registering categories: jei:debug...
[183月2026 09:48:23.761] [Render thread/DEBUG] [mezz.jei.library.load.PluginCallerTimerRunnable/]: Registering categories: jei:gui...
[183月2026 09:48:23.761] [Render thread/DEBUG] [mezz.jei.library.load.PluginCallerTimerRunnable/]: Registering categories: jei:internal...
[183月2026 09:48:23.763] [Render thread/INFO] [mezz.jei.library.load.PluginCaller/]: Registering categories took 15.14 milliseconds
[183月2026 09:48:23.764] [Render thread/INFO] [mezz.jei.library.load.PluginCaller/]: Registering vanilla category extensions...
[183月2026 09:48:23.764] [Render thread/DEBUG] [mezz.jei.library.load.PluginCallerTimerRunnable/]: Registering vanilla category extensions: jei:minecraft...
[183月2026 09:48:23.767] [Render thread/DEBUG] [mezz.jei.library.load.PluginCallerTimerRunnable/]: Registering vanilla category extensions: jei:neoforge_gui...
[183月2026 09:48:23.767] [Render thread/DEBUG] [mezz.jei.library.load.PluginCallerTimerRunnable/]: Registering vanilla category extensions: jei:debug...
[183月2026 09:48:23.767] [Render thread/DEBUG] [mezz.jei.library.load.PluginCallerTimerRunnable/]: Registering vanilla category extensions: jei:gui...
[183月2026 09:48:23.767] [Render thread/DEBUG] [mezz.jei.library.load.PluginCallerTimerRunnable/]: Registering vanilla category extensions: jei:internal...
[183月2026 09:48:23.767] [Render thread/INFO] [mezz.jei.library.load.PluginCaller/]: Registering vanilla category extensions took 2.740 milliseconds
[183月2026 09:48:23.768] [Render thread/INFO] [mezz.jei.library.load.PluginCaller/]: Registering recipe catalysts...
[183月2026 09:48:23.768] [Render thread/DEBUG] [mezz.jei.library.load.PluginCallerTimerRunnable/]: Registering recipe catalysts: jei:minecraft...
[183月2026 09:48:23.768] [Render thread/DEBUG] [mezz.jei.library.load.PluginCallerTimerRunnable/]: Registering recipe catalysts: jei:neoforge_gui...
[183月2026 09:48:23.768] [Render thread/DEBUG] [mezz.jei.library.load.PluginCallerTimerRunnable/]: Registering recipe catalysts: jei:debug...
[183月2026 09:48:23.768] [Render thread/DEBUG] [mezz.jei.library.load.PluginCallerTimerRunnable/]: Registering recipe catalysts: jei:gui...
[183月2026 09:48:23.768] [Render thread/DEBUG] [mezz.jei.library.load.PluginCallerTimerRunnable/]: Registering recipe catalysts: jei:internal...
[183月2026 09:48:23.769] [Render thread/INFO] [mezz.jei.library.load.PluginCaller/]: Registering recipe catalysts took 728.7 microseconds
[183月2026 09:48:23.769] [Render thread/INFO] [mezz.jei.core.util.LoggedTimer/]: Building recipe registry...
[183月2026 09:48:23.780] [Render thread/INFO] [mezz.jei.core.util.LoggedTimer/]: Building recipe registry took 11.78 milliseconds
[183月2026 09:48:23.783] [Render thread/INFO] [mezz.jei.library.load.PluginCaller/]: Registering advanced plugins...
[183月2026 09:48:23.783] [Render thread/DEBUG] [mezz.jei.library.load.PluginCallerTimerRunnable/]: Registering advanced plugins: jei:minecraft...
[183月2026 09:48:23.783] [Render thread/DEBUG] [mezz.jei.library.load.PluginCallerTimerRunnable/]: Registering advanced plugins: jei:neoforge_gui...
[183月2026 09:48:23.783] [Render thread/DEBUG] [mezz.jei.library.load.PluginCallerTimerRunnable/]: Registering advanced plugins: jei:debug...
[183月2026 09:48:23.783] [Render thread/DEBUG] [mezz.jei.library.load.PluginCallerTimerRunnable/]: Registering advanced plugins: jei:gui...
[183月2026 09:48:23.783] [Render thread/DEBUG] [mezz.jei.library.load.PluginCallerTimerRunnable/]: Registering advanced plugins: jei:internal...
[183月2026 09:48:23.783] [Render thread/INFO] [mezz.jei.library.load.PluginCaller/]: Registering advanced plugins took 307.0 microseconds
[183月2026 09:48:23.784] [Render thread/INFO] [mezz.jei.library.load.PluginCaller/]: Registering recipes...
[183月2026 09:48:23.784] [Render thread/DEBUG] [mezz.jei.library.load.PluginCallerTimerRunnable/]: Registering recipes: jei:minecraft...
[183月2026 09:48:23.798] [Render thread/DEBUG] [mezz.jei.library.recipes.RecipeManagerInternal/]: Adding recipes: RecipeType[uid=minecraft:crafting, recipeClass=class net.minecraft.world.item.crafting.RecipeHolder]
[183月2026 09:48:23.820] [Render thread/DEBUG] [mezz.jei.library.recipes.RecipeManagerInternal/]: Adding recipes: RecipeType[uid=minecraft:crafting, recipeClass=class net.minecraft.world.item.crafting.RecipeHolder]
[183月2026 09:48:23.822] [Render thread/DEBUG] [mezz.jei.library.recipes.RecipeManagerInternal/]: Adding recipes: RecipeType[uid=minecraft:stonecutting, recipeClass=class net.minecraft.world.item.crafting.RecipeHolder]
[183月2026 09:48:23.823] [Render thread/DEBUG] [mezz.jei.library.recipes.RecipeManagerInternal/]: Adding recipes: RecipeType[uid=minecraft:smelting, recipeClass=class net.minecraft.world.item.crafting.RecipeHolder]
[183月2026 09:48:23.824] [Render thread/DEBUG] [mezz.jei.library.recipes.RecipeManagerInternal/]: Adding recipes: RecipeType[uid=minecraft:smoking, recipeClass=class net.minecraft.world.item.crafting.RecipeHolder]
[183月2026 09:48:23.824] [Render thread/DEBUG] [mezz.jei.library.recipes.RecipeManagerInternal/]: Adding recipes: RecipeType[uid=minecraft:blasting, recipeClass=class net.minecraft.world.item.crafting.RecipeHolder]
[183月2026 09:48:23.824] [Render thread/DEBUG] [mezz.jei.library.recipes.RecipeManagerInternal/]: Adding recipes: RecipeType[uid=minecraft:campfire_cooking, recipeClass=class net.minecraft.world.item.crafting.RecipeHolder]
[183月2026 09:48:23.835] [Render thread/DEBUG] [mezz.jei.library.recipes.RecipeManagerInternal/]: Adding recipes: RecipeType[uid=minecraft:fuel, recipeClass=interface mezz.jei.api.recipe.vanilla.IJeiFuelingRecipe]
[183月2026 09:48:23.845] [Render thread/DEBUG] [mezz.jei.library.recipes.RecipeManagerInternal/]: Adding recipes: RecipeType[uid=minecraft:anvil, recipeClass=interface mezz.jei.api.recipe.vanilla.IJeiAnvilRecipe]
[183月2026 09:48:23.854] [Render thread/DEBUG] [mezz.jei.library.recipes.RecipeManagerInternal/]: Adding recipes: RecipeType[uid=minecraft:smithing, recipeClass=class net.minecraft.world.item.crafting.RecipeHolder]
[183月2026 09:48:23.863] [Render thread/DEBUG] [mezz.jei.library.recipes.RecipeManagerInternal/]: Adding recipes: RecipeType[uid=minecraft:compostable, recipeClass=interface mezz.jei.api.recipe.vanilla.IJeiCompostingRecipe]
[183月2026 09:48:23.891] [Render thread/DEBUG] [mezz.jei.library.recipes.RecipeManagerInternal/]: Adding recipes: RecipeType[uid=minecraft:brewing, recipeClass=interface mezz.jei.api.recipe.vanilla.IJeiBrewingRecipe]
[183月2026 09:48:23.909] [Render thread/DEBUG] [mezz.jei.library.recipes.RecipeManagerInternal/]: Adding recipes: RecipeType[uid=minecraft:grindstone, recipeClass=interface mezz.jei.api.recipe.vanilla.IJeiGrindstoneRecipe]
[183月2026 09:48:23.913] [Render thread/INFO] [mezz.jei.library.load.PluginCallerTimerRunnable/]: Registering recipes: jei:minecraft took 128.8 milliseconds
[183月2026 09:48:23.913] [Render thread/DEBUG] [mezz.jei.library.load.PluginCallerTimerRunnable/]: Registering recipes: jei:neoforge_gui...
[183月2026 09:48:23.913] [Render thread/DEBUG] [mezz.jei.library.load.PluginCallerTimerRunnable/]: Registering recipes: jei:debug...
[183月2026 09:48:23.913] [Render thread/DEBUG] [mezz.jei.library.load.PluginCallerTimerRunnable/]: Registering recipes: jei:gui...
[183月2026 09:48:23.913] [Render thread/DEBUG] [mezz.jei.library.load.PluginCallerTimerRunnable/]: Registering recipes: jei:internal...
[183月2026 09:48:23.913] [Render thread/INFO] [mezz.jei.library.load.PluginCaller/]: Registering recipes took 129.3 milliseconds
[183月2026 09:48:23.918] [Render thread/INFO] [mezz.jei.library.load.PluginCaller/]: Registering recipes transfer handlers...
[183月2026 09:48:23.919] [Render thread/DEBUG] [mezz.jei.library.load.PluginCallerTimerRunnable/]: Registering recipes transfer handlers: jei:minecraft...
[183月2026 09:48:23.920] [Render thread/DEBUG] [mezz.jei.library.load.PluginCallerTimerRunnable/]: Registering recipes transfer handlers: jei:neoforge_gui...
[183月2026 09:48:23.920] [Render thread/DEBUG] [mezz.jei.library.load.PluginCallerTimerRunnable/]: Registering recipes transfer handlers: jei:debug...
[183月2026 09:48:23.920] [Render thread/DEBUG] [mezz.jei.library.load.PluginCallerTimerRunnable/]: Registering recipes transfer handlers: jei:gui...
[183月2026 09:48:23.920] [Render thread/DEBUG] [mezz.jei.library.load.PluginCallerTimerRunnable/]: Registering recipes transfer handlers: jei:internal...
[183月2026 09:48:23.921] [Render thread/INFO] [mezz.jei.library.load.PluginCaller/]: Registering recipes transfer handlers took 1.983 milliseconds
[183月2026 09:48:23.924] [Render thread/INFO] [mezz.jei.core.util.LoggedTimer/]: Building runtime...
[183月2026 09:48:23.928] [Render thread/INFO] [mezz.jei.library.load.PluginCaller/]: Registering gui handlers...
[183月2026 09:48:23.928] [Render thread/DEBUG] [mezz.jei.library.load.PluginCallerTimerRunnable/]: Registering gui handlers: jei:minecraft...
[183月2026 09:48:23.930] [Render thread/DEBUG] [mezz.jei.library.load.PluginCallerTimerRunnable/]: Registering gui handlers: jei:neoforge_gui...
[183月2026 09:48:23.930] [Render thread/DEBUG] [mezz.jei.library.load.PluginCallerTimerRunnable/]: Registering gui handlers: jei:debug...
[183月2026 09:48:23.930] [Render thread/DEBUG] [mezz.jei.library.load.PluginCallerTimerRunnable/]: Registering gui handlers: jei:gui...
[183月2026 09:48:23.934] [Render thread/DEBUG] [mezz.jei.library.load.PluginCallerTimerRunnable/]: Registering gui handlers: jei:internal...
[183月2026 09:48:23.934] [Render thread/INFO] [mezz.jei.library.load.PluginCaller/]: Registering gui handlers took 6.066 milliseconds
[183月2026 09:48:23.936] [Render thread/INFO] [mezz.jei.library.load.PluginCaller/]: Registering Runtime...
[183月2026 09:48:23.937] [Render thread/DEBUG] [mezz.jei.library.load.PluginCallerTimerRunnable/]: Registering Runtime: jei:minecraft...
[183月2026 09:48:23.937] [Render thread/DEBUG] [mezz.jei.library.load.PluginCallerTimerRunnable/]: Registering Runtime: jei:neoforge_gui...
[183月2026 09:48:23.937] [Render thread/INFO] [mezz.jei.gui.startup.JeiGuiStarter/]: Starting JEI GUI
[183月2026 09:48:23.938] [Render thread/INFO] [mezz.jei.core.util.LoggedTimer/]: Building ingredient list...
[183月2026 09:48:23.938] [Render thread/DEBUG] [mezz.jei.gui.ingredients.IngredientListElementFactory/]: Registering ingredients: ItemStack
[183月2026 09:48:23.951] [Render thread/DEBUG] [mezz.jei.gui.ingredients.IngredientListElementFactory/]: Registering ingredients: FluidStack
[183月2026 09:48:23.951] [Render thread/INFO] [mezz.jei.core.util.LoggedTimer/]: Building ingredient list took 13.57 milliseconds
[183月2026 09:48:23.952] [Render thread/INFO] [mezz.jei.core.util.LoggedTimer/]: Building ingredient filter...
[183月2026 09:48:23.978] [Render thread/INFO] [mezz.jei.gui.ingredients.IngredientFilter/]: Adding 1688 ingredients
[183月2026 09:48:24.109] [Render thread/INFO] [mezz.jei.gui.ingredients.IngredientFilter/]: Added 1688 ingredients
[183月2026 09:48:24.109] [Render thread/INFO] [mezz.jei.core.util.LoggedTimer/]: Building ingredient filter took 157.8 milliseconds
[183月2026 09:48:24.174] [Render thread/INFO] [mezz.jei.library.load.PluginCallerTimerRunnable/]: Registering Runtime: jei:neoforge_gui took 237.4 milliseconds
[183月2026 09:48:24.174] [Render thread/DEBUG] [mezz.jei.library.load.PluginCallerTimerRunnable/]: Registering Runtime: jei:debug...
[183月2026 09:48:24.174] [Render thread/DEBUG] [mezz.jei.library.load.PluginCallerTimerRunnable/]: Registering Runtime: jei:gui...
[183月2026 09:48:24.174] [Render thread/DEBUG] [mezz.jei.library.load.PluginCallerTimerRunnable/]: Registering Runtime: jei:internal...
[183月2026 09:48:24.174] [Render thread/INFO] [mezz.jei.library.load.PluginCaller/]: Registering Runtime took 238.0 milliseconds
[183月2026 09:48:24.175] [Render thread/INFO] [mezz.jei.core.util.LoggedTimer/]: Building runtime took 250.6 milliseconds
[183月2026 09:48:24.175] [Render thread/INFO] [mezz.jei.library.load.PluginCaller/]: Sending Runtime...
[183月2026 09:48:24.175] [Render thread/DEBUG] [mezz.jei.library.load.PluginCallerTimerRunnable/]: Sending Runtime: jei:minecraft...
[183月2026 09:48:24.175] [Render thread/DEBUG] [mezz.jei.library.load.PluginCallerTimerRunnable/]: Sending Runtime: jei:neoforge_gui...
[183月2026 09:48:24.175] [Render thread/DEBUG] [mezz.jei.library.load.PluginCallerTimerRunnable/]: Sending Runtime: jei:debug...
[183月2026 09:48:24.175] [Render thread/DEBUG] [mezz.jei.library.load.PluginCallerTimerRunnable/]: Sending Runtime: jei:gui...
[183月2026 09:48:24.175] [Render thread/DEBUG] [mezz.jei.library.load.PluginCallerTimerRunnable/]: Sending Runtime: jei:internal...
[183月2026 09:48:24.175] [Render thread/INFO] [mezz.jei.library.load.PluginCaller/]: Sending Runtime took 266.0 microseconds
[183月2026 09:48:24.175] [Render thread/INFO] [mezz.jei.core.util.LoggedTimer/]: Starting JEI took 578.7 milliseconds
[183月2026 09:48:24.188] [Render thread/INFO] [net.minecraft.advancements.AdvancementTree/]: Loaded 2 advancements
[183月2026 09:48:24.516] [Server thread/INFO] [net.minecraft.client.server.IntegratedServer/]: Saving and pausing game...
[183月2026 09:48:24.551] [Server thread/INFO] [net.minecraft.server.MinecraftServer/]: Saving chunks for level 'ServerLevel[新的世界]'/minecraft:overworld
[183月2026 09:48:24.562] [Server thread/INFO] [net.minecraft.server.MinecraftServer/]: Saving chunks for level 'ServerLevel[新的世界]'/minecraft:the_end
[183月2026 09:48:24.562] [Server thread/INFO] [net.minecraft.server.MinecraftServer/]: Saving chunks for level 'ServerLevel[新的世界]'/minecraft:the_nether
[183月2026 09:48:24.564] [Server thread/DEBUG] [net.neoforged.neoforge.common.CommonHooks/WP]: Gathered mod list to write to world save 新的世界
[183月2026 09:48:25.600] [JEI Deduplicating Run Executor 0/DEBUG] [mezz.jei.common.config.file.ConfigSerializer/]: Saving config file: C:\Users\hp\.trident\instances\gene_hunter\build\config\jei\jei-debug.ini
[183月2026 09:48:25.604] [JEI Deduplicating Run Executor 0/DEBUG] [mezz.jei.common.config.file.ConfigSerializer/]: Saving config file: C:\Users\hp\.trident\instances\gene_hunter\build\config\jei\jei-client.ini
[183月2026 09:48:25.605] [JEI Deduplicating Run Executor 0/DEBUG] [mezz.jei.common.config.file.ConfigSerializer/]: Saving config file: C:\Users\hp\.trident\instances\gene_hunter\build\config\jei\jei-mod-id-format.ini
[183月2026 09:48:25.608] [JEI Deduplicating Run Executor 0/DEBUG] [mezz.jei.common.config.file.ConfigSerializer/]: Saving config file: C:\Users\hp\.trident\instances\gene_hunter\build\config\jei\jei-colors.ini
[183月2026 09:48:26.110] [JEI Config File Watcher/DEBUG] [mezz.jei.common.config.file.FileWatcherThread/]: Detected changes in files:
C:\Users\hp\.trident\instances\gene_hunter\build\config\jei\jei-debug.ini
C:\Users\hp\.trident\instances\gene_hunter\build\config\jei\jei-client.ini
C:\Users\hp\.trident\instances\gene_hunter\build\config\jei\jei-mod-id-format.ini
C:\Users\hp\.trident\instances\gene_hunter\build\config\jei\jei-colors.ini
[183月2026 09:48:26.113] [Render thread/DEBUG] [mezz.jei.common.config.file.ConfigSerializer/]: Skipping loading config file, it was just saved by us: C:\Users\hp\.trident\instances\gene_hunter\build\config\jei\jei-debug.ini
